Rk,Player,Pos,Age,Tm,G,MP,PER,TS%,3PAr,FTr,ORB%,DRB%,TRB%,AST%,STL%,BLK%,TOV%,USG%,,OWS,DWS,WS,WS/48,,OBPM,DBPM,BPM,VORP,Player-additional
1,Precious Achiuwa,C,23,TOR,12,245,13.9,.493,.304,.359,10.5,30.0,19.6,9.4,0.4,2.9,12.3,21.1,,0.0,0.2,0.3,.056,,-2.1,-1.8,-3.9,-0.1,achiupr01
2,Steven Adams,C,29,MEM,30,788,16.5,.554,.006,.446,19.3,21.9,20.6,10.9,1.5,4.1,21.4,13.9,,0.7,1.4,2.1,.126,,-0.8,0.8,0.0,0.4,adamsst01
3,Bam Adebayo,C,25,MIA,31,1093,19.2,.587,.021,.326,8.0,25.0,16.2,16.1,1.3,1.9,14.6,26.1,,1.1,1.6,2.7,.120,,-0.3,0.4,0.1,0.6,adebaba01
4,Ochai Agbaji,SG,22,UTA,16,127,7.1,.468,.500,.214,5.1,9.7,7.4,3.2,0.4,0.0,0.0,15.2,,0.0,0.0,0.1,.028,,-3.9,-2.7,-6.6,-0.1,agbajoc01
5,Santi Aldama,PF,22,MEM,32,756,15.4,.599,.491,.283,5.6,17.5,11.6,7.5,1.5,3.5,6.8,15.1,,1.4,1.2,2.6,.162,,0.4,1.6,2.0,0.8,aldamsa01
6,Nickeil Alexander-Walker,SG,24,UTA,26,402,13.9,.616,.519,.195,2.2,9.2,5.6,20.6,2.0,2.0,18.6,18.5,,0.4,0.3,0.8,.090,,0.1,0.5,0.5,0.3,alexani01
7,Grayson Allen,SG,27,MIL,31,852,13.0,.609,.600,.260,3.9,9.9,7.0,12.5,1.3,0.6,11.5,14.6,,1.4,0.9,2.3,.129,,0.0,0.5,0.5,0.5,allengr01
8,Jarrett Allen,C,24,CLE,28,931,18.9,.655,.016,.440,10.9,24.7,18.0,6.7,1.1,3.5,12.7,16.3,,2.0,1.8,3.8,.197,,0.8,1.3,2.1,0.9,allenja01
9,Jose Alvarado,PG,24,NOP,33,683,13.2,.541,.533,.179,2.5,9.9,6.2,19.9,3.0,0.6,14.0,19.9,,0.3,1.0,1.3,.092,,-1.7,1.3,-0.5,0.3,alvarjo01
10,Kyle Anderson,PF,29,MIN,25,608,12.8,.569,.210,.362,2.5,16.4,9.7,18.0,2.2,3.1,18.4,13.7,,0.4,0.8,1.1,.090,,-1.2,1.7,0.5,0.4,anderky01
11,Giannis Antetokounmpo,PF,28,MIL,29,973,28.1,.585,.144,.591,7.2,28.8,18.2,30.4,1.2,2.3,12.3,38.7,,2.1,1.7,3.9,.191,,5.4,2.2,7.6,2.4,antetgi01
12,Thanasis Antetokounmpo,SF,30,MIL,16,69,5.8,.509,.167,.333,6.3,15.0,10.7,5.4,1.4,3.7,42.1,7.2,,-0.1,0.1,0.0,.022,,-5.5,1.4,-4.1,0.0,antetth01
13,Cole Anthony,PG,22,ORL,19,499,15.5,.559,.367,.270,2.1,17.2,9.8,25.9,1.6,1.3,13.1,21.9,,0.6,0.5,1.1,.104,,-0.2,0.6,0.3,0.3,anthoco01
14,OG Anunoby,SF,25,TOR,30,1111,16.0,.581,.334,.256,4.0,14.9,9.1,8.6,2.9,2.3,13.4,21.5,,0.7,1.4,2.1,.090,,-0.1,0.7,0.6,0.7,anunoog01
15,Ryan Arcidiacono,PG,28,NYK,8,22,4.5,.300,.600,.000,0.0,19.5,9.7,11.2,4.4,0.0,16.7,11.5,,0.0,0.0,0.0,-0.010,,-8.2,4.5,-3.7,0.0,arcidry01
16,Deni Avdija,SF,22,WAS,34,882,10.6,.528,.434,.247,3.9,19.4,11.8,13.4,1.4,2.1,15.6,15.3,,0.1,0.9,1.0,.055,,-2.9,0.5,-2.4,-0.1,avdijde01
17,Deandre Ayton,C,24,PHO,32,931,22.4,.646,.044,.229,11.3,26.4,18.6,10.7,0.9,2.5,13.0,23.5,,2.1,1.1,3.3,.169,,2.4,-0.4,2.0,0.9,aytonde01
18,Udoka Azubuike,C,23,UTA,15,63,24.5,.781,.000,.429,17.3,30.1,23.6,11.6,1.5,3.9,15.3,13.1,,0.2,0.1,0.3,.237,,3.8,1.3,5.1,0.1,azubuud01
19,Marvin Bagley III,PF,23,DET,22,482,17.9,.601,.159,.261,10.4,20.4,15.3,4.4,1.3,2.8,9.7,19.1,,0.8,0.3,1.1,.112,,0.5,-0.9,-0.4,0.2,baglema01
20,Patrick Baldwin Jr.,SF,20,GSW,10,80,16.3,.634,.784,.054,0.0,19.0,9.7,3.8,2.3,0.0,7.3,21.4,,0.0,0.1,0.1,.086,,3.1,-0.9,2.2,0.1,baldwpa01
21,LaMelo Ball,PG,21,CHO,11,374,18.0,.537,.539,.123,3.2,14.4,8.5,37.2,1.5,0.5,12.7,30.5,,0.3,0.3,0.6,.072,,3.6,-1.9,1.7,0.3,ballla01
22,Mo Bamba,C,24,ORL,30,567,16.7,.615,.492,.254,7.7,24.0,16.0,8.5,0.7,5.4,9.2,16.6,,1.0,0.7,1.7,.144,,0.6,0.6,1.2,0.5,bambamo01
23,Paolo Banchero,PF,20,ORL,29,987,16.9,.550,.249,.511,3.9,18.3,11.2,18.3,1.3,1.7,13.4,27.9,,0.6,0.9,1.4,.070,,0.5,-0.9,-0.4,0.4,banchpa01
24,Desmond Bane,SG,24,MEM,15,479,18.5,.591,.482,.303,1.3,13.2,7.4,18.7,0.8,0.8,9.5,26.9,,1.1,0.5,1.6,.157,,3.4,-0.6,2.9,0.6,banede01
25,Dalano Banton,PG,23,TOR,22,222,16.7,.516,.413,.163,4.3,12.7,8.2,18.2,2.7,5.5,10.4,23.9,,0.1,0.3,0.4,.085,,0.2,0.8,0.9,0.2,bantoda01
26,Dominick Barlow,SF,19,SAS,4,26,15.8,.571,.429,.571,8.2,4.5,6.5,15.1,1.8,0.0,0.0,14.0,,0.1,0.0,0.1,.159,,0.1,-0.1,-0.1,0.0,barlodo01
27,Harrison Barnes,PF,30,SAC,33,1040,13.6,.610,.424,.556,3.6,15.7,9.7,7.7,1.2,0.3,10.2,16.9,,1.5,0.8,2.3,.108,,-0.2,-0.8,-1.0,0.3,barneha02
28,Scottie Barnes,PF,21,TOR,31,1044,14.8,.518,.254,.182,6.2,18.1,11.7,20.9,1.2,2.0,13.9,20.8,,0.5,0.9,1.4,.062,,0.4,-0.9,-0.5,0.4,barnesc01
29,RJ Barrett,SG,22,NYK,35,1192,13.3,.532,.331,.342,2.7,14.5,8.5,13.4,0.7,0.5,11.6,26.0,,0.4,1.0,1.3,.053,,-0.6,-1.5,-2.0,0.0,barrerj01
30,Will Barton,SG,32,WAS,31,692,9.7,.486,.480,.141,1.2,13.7,7.6,16.8,1.1,1.1,12.3,19.0,,-0.4,0.5,0.1,.007,,-2.2,-1.1,-3.3,-0.2,bartowi01
31,Charles Bassey,C,22,SAS,23,313,18.4,.695,.086,.343,15.1,28.5,21.4,12.2,1.2,6.0,24.4,14.2,,0.5,0.3,0.8,.127,,-1.0,1.1,0.1,0.2,bassech01
32,Keita Bates-Diop,SF,27,SAS,27,496,14.3,.601,.236,.268,7.1,11.3,9.1,6.2,1.7,0.7,10.7,16.5,,0.6,0.1,0.8,.073,,-0.3,-1.7,-2.0,0.0,bateske01
33,Nicolas Batum,PF,34,LAC,36,774,12.5,.622,.790,.148,4.8,17.4,11.3,8.7,1.5,3.3,12.2,12.0,,0.9,1.2,2.1,.132,,-0.5,2.1,1.6,0.7,batumni01
34,Darius Bazley,PF,22,OKC,23,381,12.9,.500,.295,.366,5.7,18.1,11.8,7.7,1.5,6.1,9.7,15.7,,0.0,0.5,0.6,.071,,-1.9,0.9,-1.1,0.1,bazleda01
35,Bradley Beal,SG,29,WAS,23,793,21.2,.619,.271,.292,2.9,8.5,5.8,25.0,1.4,1.5,12.8,27.6,,1.6,0.5,2.2,.131,,4.0,-1.1,2.9,1.0,bealbr01
36,Malik Beasley,SG,26,UTA,37,1005,13.1,.551,.687,.071,2.2,12.9,7.5,8.0,1.6,0.4,7.0,21.4,,0.7,0.7,1.4,.066,,0.6,-1.2,-0.6,0.4,beaslma01
37,MarJon Beauchamp,SF,22,MIL,23,335,9.5,.541,.587,.157,6.4,11.8,9.2,4.7,1.6,0.5,15.1,19.1,,-0.1,0.4,0.3,.042,,-3.2,-0.8,-4.0,-0.2,beaucma01
38,Dāvis Bertāns,PF,30,DAL,16,154,13.4,.624,.879,.207,3.0,7.8,5.4,4.0,1.0,1.2,5.9,19.8,,0.3,0.1,0.4,.112,,1.3,-1.8,-0.5,0.1,bertada01
39,Patrick Beverley,PG,34,LAL,28,757,7.9,.517,.642,.209,2.3,12.0,7.3,12.2,1.6,1.6,14.3,10.6,,0.2,0.6,0.8,.051,,-3.6,1.1,-2.5,-0.1,beverpa01
40,Saddiq Bey,SF,23,DET,33,936,13.5,.545,.481,.366,3.5,12.9,8.1,8.3,1.4,0.6,7.6,20.8,,0.9,0.3,1.2,.061,,0.1,-1.1,-1.1,0.2,beysa01
41,Khem Birch,C,30,TOR,19,150,10.9,.617,.065,.161,5.7,13.1,9.1,6.5,1.6,3.4,15.3,11.1,,0.1,0.1,0.3,.088,,-3.4,1.0,-2.4,0.0,birchkh01
42,Goga Bitadze,C,23,IND,17,169,14.6,.597,.273,.409,11.1,13.4,12.2,13.5,1.7,4.7,16.1,15.3,,0.2,0.2,0.4,.117,,-2.3,1.5,-0.8,0.1,bitadgo01
43,Bismack Biyombo,C,30,PHO,30,412,12.2,.547,.000,.458,8.7,21.9,15.1,8.2,1.2,8.7,22.5,13.3,,-0.1,0.7,0.6,.066,,-4.6,2.6,-2.0,0.0,biyombi01
44,Buddy Boeheim,PG,23,DET,1,1,0.0,,,,0.0,0.0,0.0,0.0,0.0,0.0,,0.0,,0.0,0.0,0.0,-0.022,,-7.8,-2.1,-10.0,0.0,boehebu01
45,Bogdan Bogdanović,SG,30,ATL,12,359,14.9,.581,.596,.117,0.9,12.9,6.7,11.1,1.2,0.7,9.6,23.3,,0.3,0.3,0.6,.075,,1.4,-1.1,0.3,0.2,bogdabo01
46,Bojan Bogdanović,PF,33,DET,36,1124,17.4,.628,.420,.381,1.8,11.1,6.3,13.1,0.9,0.2,12.6,25.5,,2.0,0.1,2.2,.093,,2.6,-1.9,0.7,0.8,bogdabo02
47,Bol Bol,PF,23,ORL,36,936,17.3,.656,.217,.227,6.0,24.4,15.4,5.8,0.9,5.8,17.5,18.5,,0.8,1.2,2.0,.103,,0.2,0.5,0.7,0.6,bolbo01
48,Leandro Bolmaro,SG,22,UTA,10,58,-4.1,.188,.188,.000,5.6,1.9,3.8,12.6,2.5,1.4,30.4,16.6,,-0.3,0.0,-0.3,-0.223,,-11.5,-2.1,-13.6,-0.2,bolmale01
49,Devin Booker,SG,26,PHO,29,1002,22.3,.585,.305,.304,2.5,12.8,7.5,26.7,1.3,1.0,9.4,31.5,,2.6,0.8,3.4,.163,,4.8,-0.7,4.0,1.5,bookede01
50,Brandon Boston Jr.,SG,21,LAC,13,124,11.9,.497,.295,.311,2.7,8.6,5.8,11.5,1.2,0.0,6.7,26.1,,0.0,0.1,0.1,.044,,-1.6,-0.4,-2.0,0.0,bostobr01
51,Chris Boucher,PF,30,TOR,29,644,16.8,.554,.354,.406,10.5,21.7,15.7,3.4,1.6,3.3,6.6,19.1,,1.1,0.7,1.8,.134,,-0.2,-1.2,-1.4,0.1,bouchch01
52,James Bouknight,SG,22,CHO,23,340,6.2,.431,.521,.185,1.5,14.2,7.5,10.8,1.7,1.1,12.3,17.9,,-0.5,0.3,-0.3,-0.036,,-5.7,-0.5,-6.3,-0.4,bouknja01
53,Tony Bradley,C,25,CHI,9,25,20.9,.761,.571,.286,4.5,40.7,22.5,5.6,1.9,0.0,11.3,15.5,,0.1,0.0,0.1,.208,,4.4,-0.2,4.1,0.0,bradlto01
54,Malaki Branham,SF,19,SAS,20,363,8.9,.550,.525,.127,1.5,8.4,4.8,12.0,1.0,0.7,13.8,16.6,,0.0,0.0,0.0,.004,,-2.7,-2.1,-4.8,-0.3,branhma01
55,Christian Braun,SG,21,DEN,31,461,7.8,.526,.350,.210,4.8,11.5,8.2,4.9,1.1,1.4,9.9,11.4,,0.1,0.3,0.4,.041,,-3.3,-0.9,-4.2,-0.2,braunch01
56,Mikal Bridges,SF,26,PHO,36,1301,14.2,.569,.366,.186,3.1,11.3,7.1,11.7,1.5,2.2,8.4,17.6,,1.8,1.2,2.9,.108,,0.4,0.2,0.6,0.9,bridgmi01
57,Oshae Brissett,SF,24,IND,30,481,12.1,.586,.578,.547,5.0,16.4,10.8,4.0,2.0,0.9,10.2,15.4,,0.4,0.5,0.9,.090,,-1.4,0.0,-1.4,0.1,brissos01
58,Malcolm Brogdon,PG,30,BOS,30,705,18.2,.612,.412,.275,3.6,15.2,9.5,24.1,1.1,1.0,14.2,23.5,,1.4,0.7,2.1,.144,,2.5,-0.1,2.4,0.8,brogdma01
59,Dillon Brooks,SG,27,MEM,30,918,11.6,.509,.408,.174,2.4,9.7,6.1,13.3,1.3,0.4,9.7,25.3,,0.0,0.9,1.0,.050,,-2.1,-0.8,-2.9,-0.2,brookdi01
60,Bruce Brown,PG,26,DEN,33,973,13.2,.580,.355,.134,3.5,12.7,8.1,18.2,1.5,2.0,14.7,16.0,,1.0,0.8,1.8,.089,,-0.6,0.2,-0.4,0.4,brownbr01
61,Greg Brown III,PF,21,POR,10,67,6.0,.422,.263,.421,3.5,15.1,9.4,0.0,2.9,6.6,18.2,18.0,,-0.2,0.1,-0.1,-0.065,,-8.0,1.1,-6.9,-0.1,browngr01
62,Jaylen Brown,SF,26,BOS,33,1184,20.2,.592,.369,.263,3.6,18.4,11.1,16.3,1.6,1.1,12.2,31.5,,1.2,1.5,2.8,.112,,2.1,-0.4,1.7,1.1,brownja02
63,Kendall Brown,SG,19,IND,6,40,9.3,.571,.143,.286,5.5,10.8,8.2,10.0,4.7,0.0,20.2,10.3,,0.0,0.1,0.1,.087,,-6.9,4.0,-2.9,0.0,brownke03
64,Moses Brown,C,23,LAC,26,168,23.6,.606,.000,.839,20.8,28.0,24.5,2.9,0.6,5.2,8.4,21.7,,0.4,0.3,0.8,.218,,0.5,0.0,0.4,0.1,brownmo01
65,Troy Brown Jr.,SF,23,LAL,32,710,8.8,.557,.517,.106,3.9,14.2,9.2,4.2,1.5,0.4,12.5,12.8,,0.1,0.6,0.6,.043,,-2.7,-0.1,-2.8,-0.1,browntr01
66,Jalen Brunson,PG,26,NYK,34,1104,19.4,.565,.264,.302,1.3,9.2,5.3,32.0,1.6,0.4,10.2,25.8,,2.6,0.9,3.5,.154,,2.9,-0.4,2.5,1.2,brunsja01
67,Thomas Bryant,C,25,LAL,21,408,21.4,.726,.195,.421,8.2,22.5,15.5,7.4,0.8,2.1,9.7,18.1,,1.3,0.4,1.7,.201,,2.3,-0.2,2.0,0.4,bryanth01
68,Reggie Bullock,SF,31,DAL,34,957,5.4,.494,.843,.122,1.6,12.5,7.0,5.0,1.3,0.5,8.1,9.4,,-0.1,0.8,0.7,.034,,-3.7,0.1,-3.7,-0.4,bullore01
69,Alec Burks,SG,31,DET,24,510,18.9,.627,.507,.475,1.3,13.8,7.3,15.0,2.0,0.5,9.6,24.3,,1.2,0.3,1.5,.138,,2.6,0.0,2.6,0.6,burksal01
70,Jimmy Butler,SF,33,MIA,22,766,26.1,.633,.152,.540,6.5,16.0,11.0,27.5,2.9,1.1,9.3,24.4,,2.9,1.2,4.1,.256,,5.5,2.4,8.0,1.9,butleji01
71,John Butler,C,20,POR,4,15,8.0,.333,.667,.000,7.7,7.5,7.6,8.7,0.0,5.9,0.0,8.7,,0.0,0.0,0.0,.032,,-2.3,-0.5,-2.8,0.0,butlejo01
72,Jamal Cain,SF,23,MIA,9,101,14.6,.567,.200,.267,7.7,16.6,12.0,7.6,2.4,0.0,5.6,15.6,,0.1,0.1,0.3,.134,,-2.6,1.5,-1.1,0.0,cainja01
73,Kentavious Caldwell-Pope,SG,29,DEN,33,1044,11.4,.606,.517,.163,1.8,9.5,5.7,8.9,1.9,1.1,11.2,14.4,,1.0,0.7,1.7,.078,,-1.2,-0.3,-1.6,0.1,caldwke01
74,Facundo Campazzo,PG,31,DAL,8,52,8.2,.360,.846,.154,0.0,4.6,2.3,23.4,5.8,0.0,17.8,14.7,,-0.1,0.1,0.0,.005,,-4.6,3.6,-1.0,0.0,campafa01
75,Vlatko Čančar,PF,25,DEN,23,276,11.6,.651,.566,.092,3.4,13.3,8.4,11.3,1.2,1.7,17.7,15.1,,0.3,0.2,0.5,.078,,-0.7,-0.6,-1.3,0.0,cancavl01
76,Clint Capela,C,28,ATL,27,743,21.8,.640,.000,.216,16.6,30.4,23.3,3.9,1.1,4.1,9.3,15.8,,1.9,1.2,3.1,.200,,1.8,0.0,1.9,0.7,capelca01
77,Vernon Carey Jr.,C,21,WAS,4,7,-13.2,.000,.000,.000,0.0,46.8,23.9,16.6,0.0,0.0,33.3,18.7,,-0.1,0.0,-0.1,-0.379,,-18.7,-2.5,-21.2,0.0,careyve01
78,Jevon Carter,PG,27,MIL,34,856,10.8,.535,.509,.091,2.8,9.0,5.9,16.4,2.4,1.7,15.8,14.0,,0.3,1.2,1.5,.086,,-2.5,2.0,-0.5,0.3,carteje01
79,Wendell Carter Jr.,C,23,ORL,18,555,17.7,.622,.316,.413,8.1,22.5,15.4,15.8,0.8,1.4,15.7,21.4,,1.0,0.5,1.4,.125,,1.2,-0.3,0.9,0.4,cartewe01
80,Alex Caruso,PG,28,CHI,30,749,11.0,.581,.554,.314,1.8,10.9,6.3,18.2,3.1,2.5,22.9,10.4,,0.4,1.0,1.4,.088,,-2.4,3.1,0.7,0.5,carusal01
81,Julian Champagnie,SF,21,PHI,2,7,-3.8,.000,.500,.000,0.0,0.0,0.0,0.0,7.1,0.0,0.0,12.8,,0.0,0.0,0.0,-0.212,,-12.3,-1.1,-13.4,0.0,champju02
82,Justin Champagnie,SF,21,TOR,3,11,29.6,1.000,.000,.000,9.7,33.4,20.8,16.0,0.0,0.0,0.0,11.6,,0.1,0.0,0.1,.333,,6.4,1.4,7.8,0.0,champju01
83,Kennedy Chandler,PG,20,MEM,15,154,10.7,.418,.235,.176,2.1,13.5,7.9,29.2,2.5,2.4,19.1,18.1,,-0.2,0.2,0.1,.020,,-3.1,1.2,-1.9,0.0,chandke01
84,Max Christie,SG,19,LAL,19,239,6.9,.512,.642,.113,2.3,16.6,9.7,4.7,0.6,0.7,8.2,10.7,,0.0,0.2,0.2,.033,,-2.8,-1.2,-4.0,-0.1,chrisma02
85,Josh Christopher,SG,21,HOU,20,138,7.7,.469,.264,.151,3.9,12.7,8.3,13.2,1.8,0.7,17.5,20.5,,-0.2,0.1,-0.1,-0.039,,-5.4,-1.1,-6.4,-0.2,chrisjo01
86,Brandon Clarke,PF,26,MEM,33,648,19.7,.681,.028,.387,7.4,21.6,14.6,9.0,1.1,3.5,13.0,18.0,,1.5,1.0,2.6,.191,,0.5,1.6,2.1,0.7,clarkbr01
87,Jordan Clarkson,SG,30,UTA,36,1168,15.1,.555,.456,.214,3.8,9.5,6.6,21.0,0.7,0.7,13.4,27.4,,0.9,0.4,1.4,.057,,1.4,-2.5,-1.1,0.3,clarkjo01
88,Nic Claxton,C,23,BRK,32,899,21.2,.712,.004,.378,10.7,23.4,17.4,7.0,1.4,7.4,12.4,15.2,,2.2,1.6,3.8,.202,,1.1,1.7,2.8,1.1,claxtni01
89,Amir Coffey,SG,25,LAC,29,404,7.8,.524,.299,.471,3.1,5.8,4.5,11.5,0.7,0.4,11.0,12.7,,0.2,0.3,0.6,.069,,-4.2,0.2,-4.0,-0.2,coffeam01
90,John Collins,PF,25,ATL,27,826,14.2,.573,.317,.257,3.9,23.6,13.6,5.8,1.3,3.7,10.0,16.9,,0.6,1.2,1.8,.103,,-1.7,1.1,-0.6,0.3,collijo01
91,Zach Collins,PF,25,SAS,23,480,14.6,.614,.270,.291,10.5,21.0,15.5,17.2,1.0,3.9,23.4,18.9,,0.3,0.3,0.6,.058,,-2.6,0.3,-2.3,0.0,colliza01
92,Mike Conley,PG,35,UTA,26,755,12.8,.508,.571,.204,1.4,7.0,4.2,33.8,1.8,0.6,14.6,16.0,,1.1,0.5,1.5,.097,,-0.1,-0.3,-0.5,0.3,conlemi01
93,Pat Connaughton,SG,30,MIL,18,364,8.6,.479,.742,.137,3.0,15.4,9.3,6.4,1.2,0.7,6.4,16.2,,0.0,0.4,0.4,.053,,-2.6,-0.4,-3.0,-0.1,connapa01
94,Robert Covington,PF,32,LAC,20,312,10.9,.512,.629,.175,3.2,21.3,12.5,11.0,1.6,3.7,12.6,16.7,,0.0,0.6,0.5,.080,,-2.8,2.4,-0.3,0.1,covinro01
95,Torrey Craig,SF,32,PHO,33,819,13.9,.595,.529,.095,8.8,15.4,12.0,8.2,1.4,2.5,9.1,13.2,,1.4,0.8,2.2,.130,,0.5,0.3,0.9,0.6,craigto01
96,Jarrett Culver,SG,23,ATL,10,137,9.8,.452,.279,.302,7.7,22.6,14.9,5.7,2.1,1.2,12.6,17.1,,-0.1,0.2,0.1,.024,,-4.8,0.6,-4.3,-0.1,culveja01
97,Cade Cunningham,PG,21,DET,12,400,14.6,.492,.272,.192,3.2,17.5,10.2,31.1,1.2,1.5,13.8,29.8,,-0.3,0.2,-0.1,-0.011,,0.2,-1.0,-0.8,0.1,cunnica01
98,Seth Curry,SG,32,BRK,23,485,10.8,.562,.559,.112,1.3,9.0,5.4,14.1,1.4,0.7,11.5,17.6,,0.3,0.4,0.6,.063,,-2.0,-0.8,-2.8,-0.1,curryse01
99,Stephen Curry,PG,34,GSW,26,894,26.5,.668,.576,.258,2.0,18.8,10.6,33.8,1.4,0.9,12.2,31.2,,3.2,0.9,4.1,.222,,8.6,0.8,9.4,2.6,curryst01
100,Dyson Daniels,PG,19,NOP,25,493,10.3,.564,.382,.235,3.9,16.0,10.0,14.2,1.8,1.1,17.0,11.6,,0.3,0.7,1.0,.097,,-2.3,1.6,-0.8,0.1,daniedy01
101,Anthony Davis,C,29,LAL,25,836,31.9,.662,.072,.469,10.4,27.9,19.4,13.8,1.9,5.4,8.3,28.6,,3.5,1.4,4.9,.279,,6.4,2.1,8.5,2.2,davisan02
102,Johnny Davis,SG,20,WAS,10,50,1.1,.384,.231,.231,2.3,13.1,7.8,5.1,0.0,1.7,6.5,13.4,,-0.1,0.0,0.0,-0.038,,-10.4,-2.0,-12.4,-0.1,davisjo06
103,Terence Davis,SG,25,SAC,27,363,14.6,.575,.673,.109,3.8,17.7,10.9,13.9,2.6,1.8,12.8,22.0,,0.2,0.5,0.6,.086,,-0.4,0.9,0.4,0.2,daviste02
104,JD Davison,PG,20,BOS,3,8,0.2,.250,.500,.000,0.0,13.5,6.9,16.8,6.0,0.0,20.0,27.2,,-0.1,0.0,0.0,-0.271,,-13.3,0.0,-13.2,0.0,davisjd01
105,Dewayne Dedmon,C,33,MIA,26,316,17.0,.587,.295,.344,9.1,26.9,17.7,7.8,0.9,3.8,10.8,22.1,,0.4,0.5,0.9,.134,,-1.6,0.3,-1.3,0.1,dedmode01
106,Matthew Dellavedova,PG,32,SAC,14,100,5.5,.370,.435,.130,1.2,4.5,2.9,24.6,2.8,0.0,19.8,12.9,,-0.1,0.1,0.0,-0.007,,-5.2,1.0,-4.3,-0.1,dellama01
107,DeMar DeRozan,SF,33,CHI,34,1224,22.6,.604,.076,.454,1.7,14.6,8.1,22.8,1.2,1.2,8.1,28.9,,3.4,1.0,4.5,.175,,2.9,-0.1,2.8,1.5,derozde01
108,Moussa Diabaté,PF,21,LAC,8,90,17.7,.590,.000,.375,25.0,14.3,19.5,3.3,1.6,1.0,15.2,15.9,,0.2,0.1,0.3,.171,,-0.8,-1.0,-1.7,0.0,diabamo01
109,Mamadi Diakite,PF,26,CLE,11,83,8.3,.571,.571,.000,4.4,11.1,7.9,3.4,1.2,5.7,19.2,14.0,,0.0,0.1,0.1,.058,,-4.2,2.3,-1.9,0.0,diakima01
110,Hamidou Diallo,SG,24,DET,30,433,13.5,.548,.101,.486,6.9,15.2,10.9,9.8,1.9,1.0,11.8,19.9,,0.2,0.3,0.5,.054,,-2.3,-0.2,-2.5,-0.1,diallha01
111,Gorgui Dieng,C,33,SAS,12,141,11.2,.524,.705,.091,9.1,22.4,15.5,20.7,0.3,3.0,20.8,17.0,,0.0,0.1,0.1,.029,,-2.5,-0.1,-2.6,0.0,dienggo01
112,Ousmane Dieng,SF,19,OKC,14,220,9.6,.502,.576,.068,2.8,16.6,9.6,11.9,1.1,1.6,10.3,12.8,,0.0,0.2,0.2,.054,,-2.3,0.2,-2.0,0.0,diengou01
113,Spencer Dinwiddie,PG,29,DAL,34,1110,17.1,.604,.531,.223,1.6,10.2,5.9,25.6,1.4,0.7,10.4,21.2,,2.5,0.9,3.4,.145,,2.6,-0.7,1.9,1.1,dinwisp01
114,Donte DiVincenzo,SG,26,GSW,26,572,11.5,.558,.692,.154,4.1,17.1,10.7,16.8,2.5,0.3,17.4,14.8,,0.3,0.7,1.0,.086,,-2.0,1.8,-0.1,0.3,divindo01
115,Luka Dončić,PG,23,DAL,32,1183,31.5,.617,.359,.476,3.2,24.9,13.9,48.3,2.3,1.4,12.1,38.1,,4.7,1.8,6.5,.263,,8.6,2.5,11.2,3.9,doncilu01
116,Tyler Dorsey,SG,26,DAL,3,8,47.1,.900,.400,.000,14.6,15.0,14.8,0.0,0.0,0.0,0.0,28.4,,0.1,0.0,0.1,.388,,16.6,1.6,18.2,0.0,dorsety01
117,Luguentz Dort,SG,23,OKC,33,1010,11.3,.516,.446,.295,4.9,9.7,7.3,10.7,1.5,1.0,10.5,20.1,,0.2,0.8,1.1,.050,,-2.4,-1.0,-3.4,-0.3,dortlu01
118,Ayo Dosunmu,PG,23,CHI,32,856,11.0,.583,.372,.136,2.6,10.7,6.6,14.0,1.2,1.3,14.4,15.2,,0.5,0.7,1.2,.065,,-2.3,0.0,-2.2,-0.1,dosunay01
119,Devon Dotson,PG,23,WAS,6,53,5.0,.150,.400,.000,12.9,8.2,10.5,17.9,4.6,0.0,23.1,10.7,,-0.1,0.1,0.0,-0.025,,-6.8,1.6,-5.2,0.0,dotsode01
120,Jeff Dowtin,PG,25,TOR,9,67,12.6,.542,.222,.056,6.4,11.0,8.5,16.9,0.0,1.5,5.1,12.4,,0.1,0.0,0.1,.102,,-0.6,-0.5,-1.1,0.0,dowtije01
121,Goran Dragić,PG,36,CHI,32,548,12.1,.540,.420,.161,2.3,7.6,4.9,24.7,0.6,0.7,14.0,22.2,,0.1,0.3,0.4,.035,,-0.6,-2.1,-2.7,-0.1,dragigo01
122,Andre Drummond,C,29,CHI,27,382,19.3,.575,.016,.368,18.2,40.2,29.2,8.4,2.1,2.5,18.1,20.2,,0.4,0.7,1.1,.135,,-1.3,-0.2,-1.4,0.0,drumman01
123,Chris Duarte,SF,25,IND,14,262,7.4,.485,.533,.159,2.1,9.9,6.0,10.4,0.5,1.4,10.2,20.3,,-0.2,0.1,-0.1,-0.018,,-3.3,-1.9,-5.2,-0.2,duartch01
124,David Duke Jr.,SG,23,BRK,14,126,4.5,.451,.140,.186,5.8,7.8,6.9,12.9,1.9,0.7,21.8,21.1,,-0.3,0.1,-0.2,-0.075,,-8.7,-1.5,-10.2,-0.3,dukeda01
125,Kevin Durant,PF,34,BRK,34,1238,26.8,.672,.251,.387,1.2,19.7,10.9,24.7,1.1,3.7,13.7,31.6,,4.0,1.5,5.5,.215,,5.9,1.0,6.9,2.8,duranke01
126,Jalen Duren,C,19,DET,34,826,15.8,.631,.006,.383,15.1,24.1,19.5,5.5,1.1,2.9,16.4,12.5,,1.4,0.6,2.0,.116,,-0.7,-0.7,-1.3,0.1,durenja01
127,Tari Eason,PF,21,HOU,34,641,16.1,.528,.289,.225,11.5,17.7,14.6,6.5,2.9,2.6,10.5,19.7,,0.6,0.8,1.4,.102,,-0.7,0.3,-0.4,0.2,easonta01
128,Anthony Edwards,SG,21,MIN,35,1287,17.0,.568,.380,.286,2.2,15.5,9.1,18.5,2.3,1.3,13.8,27.8,,0.4,1.4,1.9,.070,,0.5,-0.3,0.2,0.7,edwaran01
129,Kessler Edwards,SF,22,BRK,13,74,3.8,.328,.500,.091,9.9,11.8,10.9,3.4,2.0,1.2,14.9,16.2,,-0.2,0.1,-0.1,-0.082,,-5.6,-3.0,-8.6,-0.1,edwarke02
130,Keon Ellis,SG,23,SAC,3,9,-1.6,.000,1.000,.000,0.0,25.0,12.7,12.6,0.0,0.0,0.0,4.7,,0.0,0.0,0.0,-0.034,,-10.0,0.4,-9.6,0.0,elliske01
131,Joel Embiid,C,28,PHI,25,895,30.6,.638,.151,.567,6.0,25.3,15.8,23.9,1.7,4.3,12.6,37.9,,2.9,1.7,4.6,.246,,6.2,2.5,8.7,2.4,embiijo01
132,Drew Eubanks,C,25,POR,32,572,16.8,.761,.029,.371,9.7,16.7,13.3,7.5,1.2,4.9,16.4,11.2,,1.3,0.7,2.0,.168,,-0.2,1.5,1.4,0.5,eubandr01
133,Bruno Fernando,C,24,HOU,17,185,18.6,.607,.021,.458,15.9,21.3,18.6,14.6,1.3,6.4,14.8,15.1,,0.4,0.2,0.6,.163,,-1.2,1.6,0.4,0.1,fernabr01
134,Dorian Finney-Smith,PF,29,DAL,31,981,9.0,.535,.724,.108,5.2,9.9,7.5,5.2,1.5,1.6,10.7,12.6,,0.2,0.9,1.1,.055,,-1.4,-0.2,-1.7,0.1,finnedo01
135,Malachi Flynn,PG,24,TOR,22,334,12.7,.568,.527,.101,2.6,8.4,5.3,12.8,1.5,0.6,8.2,18.7,,0.4,0.2,0.6,.089,,-0.1,-1.0,-1.1,0.1,flynnma01
136,Simone Fontecchio,SF,27,UTA,21,190,9.1,.518,.708,.194,5.7,8.2,7.0,5.7,0.8,2.1,11.3,19.5,,0.0,0.1,0.1,.018,,-1.7,-2.5,-4.2,-0.1,fontesi01
137,Bryn Forbes,SG,29,MIN,21,223,5.5,.451,.522,.174,2.1,4.3,3.2,7.4,1.5,0.4,9.7,15.7,,-0.2,0.1,-0.1,-0.018,,-5.4,-1.3,-6.7,-0.3,forbebr01
138,Trent Forrest,PG,24,ATL,15,211,9.0,.486,.043,.065,2.5,11.0,6.6,16.9,1.4,0.8,12.9,10.8,,0.1,0.2,0.2,.053,,-3.8,0.9,-2.9,-0.1,forretr01
139,Michael Foster Jr.,PF,20,PHI,1,1,0.0,,,,0.0,0.0,0.0,0.0,0.0,0.0,,0.0,,0.0,0.0,0.0,.019,,-7.5,-1.8,-9.3,0.0,fostemi02
140,Evan Fournier,SG,30,NYK,13,260,6.9,.474,.633,.122,0.8,10.3,5.5,11.5,1.7,1.1,12.9,17.6,,-0.2,0.3,0.1,.012,,-3.6,0.0,-3.5,-0.1,fournev01
141,De'Aaron Fox,PG,25,SAC,30,974,20.9,.601,.300,.331,1.4,15.1,8.4,28.7,1.4,1.0,11.8,29.2,,2.0,0.9,2.8,.139,,3.1,-0.5,2.7,1.1,foxde01
142,Markelle Fultz,SG,24,ORL,15,405,14.2,.504,.130,.201,4.9,11.6,8.3,30.1,2.6,1.2,17.3,21.7,,0.0,0.4,0.4,.048,,-2.0,0.3,-1.6,0.0,fultzma01
143,Wenyen Gabriel,PF,25,LAL,26,374,15.6,.665,.172,.355,11.6,17.8,14.8,5.1,1.4,2.9,15.0,14.3,,0.7,0.4,1.1,.141,,-1.6,-0.1,-1.7,0.0,gabriwe01
144,Daniel Gafford,C,24,WAS,36,557,20.8,.739,.000,.533,13.3,18.8,16.1,4.8,1.1,6.3,15.9,15.8,,1.4,0.7,2.2,.188,,0.2,0.4,0.6,0.4,gaffoda01
145,Darius Garland,PG,23,CLE,29,1043,18.5,.574,.379,.294,1.4,7.3,4.4,35.0,1.9,0.5,14.9,27.4,,1.7,1.4,3.1,.143,,3.1,-0.4,2.7,1.2,garlada01
146,Usman Garuba,PF,20,HOU,32,464,14.4,.548,.205,.359,14.8,22.2,18.5,10.0,2.6,3.8,20.3,10.1,,0.4,0.6,1.1,.111,,-1.0,1.4,0.4,0.3,garubus01
147,Luka Garza,C,24,MIN,7,26,20.3,.638,.300,.400,13.3,20.7,17.1,17.6,0.0,0.0,7.8,20.9,,0.1,0.0,0.1,.207,,-0.4,-1.3,-1.7,0.0,garzalu01
148,Rudy Gay,SF,36,UTA,23,364,6.4,.413,.522,.115,3.9,18.1,10.9,5.7,1.5,2.2,10.5,15.3,,-0.5,0.4,-0.1,-0.014,,-5.0,-0.1,-5.1,-0.3,gayru01
149,Paul George,SF,32,LAC,26,890,19.8,.585,.433,.287,2.2,17.2,9.9,26.3,2.1,1.3,14.7,30.2,,0.9,1.4,2.3,.126,,2.6,1.1,3.7,1.3,georgpa01
150,Taj Gibson,PF,37,WAS,23,206,12.8,.599,.224,.345,6.6,12.7,9.7,8.2,2.4,2.5,14.1,16.5,,0.2,0.2,0.4,.100,,-3.8,0.8,-3.0,-0.1,gibsota01
151,Josh Giddey,SG,20,OKC,29,890,14.3,.513,.218,.102,6.0,22.1,13.9,27.1,1.0,1.4,18.6,23.7,,-0.4,1.0,0.6,.032,,-0.5,-0.7,-1.1,0.2,giddejo01
152,Shai Gilgeous-Alexander,SG,24,OKC,31,1111,27.4,.623,.142,.495,2.3,12.2,7.2,27.7,2.3,2.7,11.8,33.3,,3.7,1.3,5.0,.215,,5.7,1.3,7.0,2.5,gilgesh01
153,Anthony Gill,PF,30,WAS,28,295,10.3,.634,.259,.315,5.8,9.6,7.7,5.8,0.8,1.5,7.5,9.8,,0.5,0.2,0.6,.104,,-2.5,-0.6,-3.2,-0.1,gillan01
154,Rudy Gobert,C,30,MIN,30,942,19.4,.690,.013,.599,13.0,28.9,21.2,4.0,1.2,3.8,14.1,15.7,,2.2,1.4,3.6,.183,,0.5,-0.1,0.4,0.6,goberru01
155,Jordan Goodwin,PG,24,WAS,27,563,16.0,.559,.298,.196,6.3,15.1,10.8,19.7,2.7,2.3,13.3,16.3,,0.7,0.7,1.4,.119,,-0.1,1.7,1.6,0.5,goodwjo01
156,Aaron Gordon,PF,27,DEN,29,869,21.7,.669,.240,.411,9.3,16.4,12.9,10.3,1.5,2.5,10.8,21.2,,2.4,0.8,3.2,.174,,3.3,-0.7,2.7,1.0,gordoaa01
157,Eric Gordon,SG,34,HOU,28,835,9.7,.552,.566,.219,1.0,6.3,3.7,11.9,1.0,1.2,14.4,16.8,,0.3,0.2,0.5,.028,,-1.6,-1.5,-3.1,-0.2,gordoer01
158,Devonte' Graham,PG,27,NOP,34,510,12.5,.557,.812,.262,2.4,9.4,5.9,18.0,1.4,1.5,10.3,15.3,,0.7,0.5,1.3,.119,,0.4,0.2,0.6,0.3,grahade01
159,Jerami Grant,PF,28,POR,32,1152,18.3,.618,.387,.391,3.3,10.7,7.0,12.1,1.1,2.0,9.6,24.0,,2.5,0.8,3.4,.140,,2.7,-0.8,1.8,1.1,grantje01
160,A.J. Green,SG,23,MIL,12,69,16.6,.750,.792,.125,3.1,9.0,6.1,8.8,0.7,0.0,7.3,16.7,,0.2,0.1,0.3,.201,,1.6,0.1,1.7,0.1,greenaj01
161,Draymond Green,PF,32,GSW,32,986,11.8,.588,.288,.217,2.6,20.3,11.6,28.0,1.0,2.4,26.4,12.6,,0.9,1.1,2.0,.097,,-1.5,2.1,0.6,0.6,greendr01
162,Jalen Green,SG,20,HOU,34,1173,14.3,.536,.411,.327,1.9,12.0,6.9,17.1,1.2,0.7,12.7,27.7,,0.5,0.5,1.0,.040,,0.1,-2.1,-2.0,0.0,greenja05
163,JaMychal Green,PF,32,GSW,28,417,12.2,.590,.392,.240,10.8,18.8,14.8,6.9,1.5,2.2,18.8,17.1,,0.1,0.5,0.6,.074,,-3.3,-0.4,-3.7,-0.2,greenja01
164,Javonte Green,SG,29,CHI,26,420,15.1,.657,.323,.384,6.4,14.8,10.6,6.5,2.4,4.1,14.1,14.0,,0.6,0.6,1.2,.134,,-0.8,2.2,1.4,0.4,greenja02
165,Jeff Green,PF,36,DEN,24,464,11.4,.591,.233,.395,5.3,11.4,8.4,7.7,0.9,1.4,13.2,16.3,,0.4,0.3,0.7,.067,,-2.3,-1.1,-3.4,-0.2,greenje02
166,Josh Green,SG,22,DAL,25,507,13.5,.717,.524,.437,5.1,8.3,6.7,8.4,2.3,0.2,12.8,12.6,,1.1,0.5,1.6,.151,,-0.9,1.0,0.1,0.3,greenjo02
167,AJ Griffin,SF,19,ATL,31,674,13.6,.566,.509,.057,3.3,8.5,5.8,6.8,2.3,0.4,8.3,19.5,,0.4,0.7,1.1,.076,,-0.4,0.3,0.0,0.3,griffaj01
168,Blake Griffin,PF,33,BOS,15,229,13.3,.602,.414,.362,7.3,20.8,14.2,10.6,0.8,0.4,8.2,13.9,,0.5,0.3,0.7,.151,,-1.3,0.3,-1.1,0.1,griffbl01
169,Quentin Grimes,SG,22,NYK,24,649,11.5,.615,.655,.190,3.6,9.7,6.7,10.6,1.1,1.8,12.5,14.0,,0.9,0.6,1.4,.105,,-0.3,0.8,0.5,0.4,grimequ01
170,Rui Hachimura,PF,24,WAS,20,475,15.8,.588,.240,.210,3.8,18.2,11.1,7.5,0.6,1.6,9.9,22.3,,0.4,0.4,0.7,.073,,0.2,-1.3,-1.1,0.1,hachiru01
171,Tyrese Haliburton,PG,22,IND,33,1103,23.5,.613,.494,.206,2.3,10.0,6.2,48.5,2.4,1.1,13.8,24.2,,3.6,1.0,4.7,.203,,6.9,0.5,7.3,2.6,halibty01
172,Jordan Hall,SF,21,SAS,9,83,5.8,.438,.536,.321,3.9,12.7,8.1,17.2,0.6,0.0,18.0,19.5,,-0.1,0.0,-0.1,-0.073,,-4.5,-3.2,-7.7,-0.1,halljo02
173,R.J. Hampton,PG,21,ORL,24,337,13.1,.564,.458,.308,3.1,8.6,5.9,14.3,2.3,1.1,13.5,18.1,,0.3,0.3,0.5,.076,,-1.2,0.2,-1.0,0.1,hamptrj01
174,Tim Hardaway Jr.,SG,30,DAL,33,910,12.1,.526,.677,.207,1.0,12.1,6.5,9.6,1.5,0.5,6.8,22.6,,0.1,0.8,0.9,.045,,-0.7,-1.2,-1.8,0.0,hardati02
175,James Harden,SG,33,PHI,19,726,22.1,.595,.473,.426,1.5,18.0,9.9,45.6,2.0,1.4,16.6,26.0,,1.8,1.1,2.9,.193,,4.4,0.9,5.2,1.3,hardeja01
176,Jaden Hardy,SG,20,DAL,10,65,7.6,.423,.293,.220,0.0,14.7,7.3,7.9,0.8,2.8,6.3,33.5,,-0.2,0.1,-0.2,-0.115,,-9.6,-3.7,-13.3,-0.2,hardyja02
177,Ron Harper Jr.,SF,22,TOR,2,8,22.9,.750,.750,.000,0.0,15.3,7.1,0.0,0.0,0.0,0.0,21.3,,0.0,0.0,0.0,.195,,12.5,-0.7,11.9,0.0,harpero02
178,Montrezl Harrell,C,29,PHI,29,328,16.3,.605,.011,.615,9.8,17.5,13.7,8.3,1.1,3.7,12.2,18.0,,0.6,0.5,1.0,.152,,-1.8,0.2,-1.6,0.0,harremo01
179,Gary Harris,SG,28,ORL,9,215,12.4,.645,.476,.159,2.7,8.8,5.8,9.7,1.1,0.9,12.9,15.6,,0.3,0.1,0.4,.092,,-0.6,-1.4,-2.0,0.0,harriga01
180,Joe Harris,SG,31,BRK,29,745,9.5,.563,.679,.080,2.0,10.1,6.3,8.6,1.2,1.1,7.2,14.2,,0.5,0.6,1.1,.069,,-1.7,-0.5,-2.2,0.0,harrijo01
181,Kevon Harris,SG,25,ORL,25,299,9.1,.546,.371,.371,8.1,10.4,9.3,5.1,1.8,1.0,16.4,14.1,,0.1,0.2,0.3,.050,,-3.2,-0.5,-3.7,-0.1,harrike01
182,Tobias Harris,PF,30,PHI,30,1038,16.0,.599,.412,.137,3.2,17.3,10.4,12.5,1.7,1.3,9.5,19.9,,1.3,1.5,2.8,.128,,0.9,0.4,1.3,0.8,harrito02
183,Josh Hart,SG,27,POR,32,1107,13.3,.596,.270,.313,6.7,21.1,14.0,15.4,1.8,0.2,16.9,12.6,,1.5,1.2,2.7,.118,,-0.9,1.2,0.3,0.6,hartjo01
184,Isaiah Hartenstein,C,24,NYK,35,697,14.7,.563,.183,.177,15.1,20.4,17.7,5.5,1.5,3.8,14.5,12.5,,0.9,1.0,1.9,.133,,-1.2,0.3,-0.8,0.2,harteis01
185,Udonis Haslem,PF,42,MIA,5,36,-3.3,.138,.100,.200,9.2,10.0,9.6,0.0,1.4,2.8,0.0,13.4,,-0.1,0.0,-0.1,-0.131,,-12.3,-3.8,-16.1,-0.1,hasleud01
186,Sam Hauser,PF,25,BOS,35,545,12.8,.637,.868,.066,3.1,14.7,9.0,6.6,0.9,1.2,6.0,14.6,,0.8,0.6,1.4,.123,,1.0,-0.2,0.8,0.4,hausesa01
187,Jaxson Hayes,C,22,NOP,14,161,12.1,.570,.333,.538,4.9,21.4,13.2,9.0,0.9,2.9,14.2,14.7,,0.1,0.2,0.3,.099,,-2.5,0.7,-1.9,0.0,hayesja02
188,Killian Hayes,PG,21,DET,37,943,10.5,.458,.352,.102,1.8,11.0,6.3,31.1,2.0,1.3,15.0,19.4,,-0.4,0.5,0.1,.004,,-2.6,-0.4,-3.0,-0.2,hayeski01
189,Gordon Hayward,SF,32,CHO,18,594,12.5,.530,.313,.251,3.1,13.6,8.1,17.3,1.1,0.6,13.4,20.3,,0.1,0.3,0.4,.033,,-1.2,-1.0,-2.1,0.0,haywago01
190,Juancho Hernangómez,PF,27,TOR,23,434,9.2,.556,.558,.128,5.4,19.2,11.8,5.3,1.3,0.9,12.5,10.2,,0.2,0.4,0.6,.062,,-2.3,-0.2,-2.5,-0.1,hernaju01
191,Willy Hernangómez,C,28,NOP,16,165,19.1,.602,.103,.690,16.3,25.6,21.0,12.9,1.5,3.4,21.7,24.7,,0.2,0.3,0.5,.136,,-1.5,0.2,-1.3,0.0,hernawi01
192,Tyler Herro,SG,23,MIA,27,954,17.2,.582,.501,.177,1.6,18.0,9.5,21.6,1.4,1.2,12.6,25.8,,0.8,1.2,2.0,.100,,2.4,-0.1,2.3,1.0,herroty01
193,Buddy Hield,SG,30,IND,35,1107,14.8,.605,.644,.100,3.2,13.1,8.2,12.8,1.4,0.9,12.1,21.9,,0.9,0.9,1.8,.078,,2.2,-0.9,1.4,0.9,hieldbu01
194,Haywood Highsmith,SF,26,MIA,24,466,8.4,.464,.481,.154,5.5,17.2,11.1,6.2,2.3,2.0,13.3,12.2,,-0.3,0.7,0.4,.044,,-4.0,1.4,-2.6,-0.1,highsha01
195,George Hill,PG,36,MIL,30,601,9.1,.554,.547,.376,2.2,9.0,5.6,16.8,1.1,0.4,16.5,11.4,,0.5,0.6,1.1,.084,,-3.2,0.8,-2.4,-0.1,hillge01
196,Malcolm Hill,SF,27,CHI,3,1,12.2,,,,0.0,100.0,56.3,0.0,0.0,0.0,,0.0,,0.0,0.0,0.0,.142,,-4.7,4.9,0.2,0.0,hillma01
197,Aaron Holiday,PG,26,ATL,31,531,9.7,.549,.364,.174,3.2,6.2,4.7,12.3,2.1,0.8,13.4,13.0,,0.3,0.5,0.8,.068,,-3.0,1.1,-1.9,0.0,holidaa01
198,Jrue Holiday,PG,32,MIL,26,860,19.0,.562,.394,.186,4.1,12.5,8.4,35.6,2.2,1.2,16.4,25.6,,1.1,1.2,2.4,.132,,2.6,0.6,3.2,1.1,holidjr01
199,Justin Holiday,SG,33,ATL,26,400,6.1,.500,.694,.000,0.5,5.5,3.0,7.4,0.6,2.1,9.0,14.0,,-0.1,0.2,0.1,.011,,-3.2,-0.7,-3.9,-0.2,holidju01
200,Richaun Holmes,PF,29,SAC,19,180,11.4,.682,.077,.205,8.4,15.6,12.1,2.2,0.8,1.4,10.5,11.3,,0.3,0.1,0.4,.118,,-2.4,-0.6,-3.0,0.0,holmeri01
201,Al Horford,C,36,BOS,26,800,13.7,.646,.649,.041,3.5,18.7,11.2,11.2,0.7,2.9,7.9,11.7,,1.4,1.0,2.4,.143,,1.7,1.4,3.1,1.0,horfoal01
202,Talen Horton-Tucker,SG,22,UTA,32,498,11.3,.463,.406,.203,3.5,14.1,8.8,20.3,2.3,1.8,14.1,22.7,,-0.4,0.5,0.1,.012,,-2.8,0.3,-2.5,-0.1,hortota01
203,Danuel House Jr.,SF,29,PHI,28,477,8.9,.628,.579,.337,1.7,11.5,6.7,6.1,0.6,1.4,11.4,11.6,,0.4,0.5,0.9,.090,,-2.5,-0.4,-2.9,-0.1,houseda01
204,Caleb Houstan,SF,20,ORL,24,416,6.6,.529,.721,.151,4.4,11.3,7.9,5.2,0.5,0.5,7.1,10.3,,0.3,0.2,0.4,.049,,-2.5,-1.1,-3.7,-0.2,houstca01
205,Trevor Hudgins,PG,23,HOU,1,4,30.5,1.500,1.000,.000,0.0,0.0,0.0,0.0,0.0,0.0,0.0,10.3,,0.0,0.0,0.0,.228,,15.2,1.4,16.6,0.0,hudgitr01
206,Kevin Huerter,SG,24,SAC,32,1001,13.9,.615,.604,.198,2.1,9.4,5.8,12.8,1.7,0.7,11.2,19.0,,1.2,0.8,2.0,.095,,0.6,-0.3,0.3,0.6,huertke01
207,De'Andre Hunter,SF,25,ATL,28,860,11.1,.555,.337,.287,2.2,12.3,7.1,5.5,0.6,0.6,8.7,20.2,,0.4,0.6,1.0,.055,,-2.2,-1.4,-3.6,-0.3,huntede01
208,Bones Hyland,PG,22,DEN,26,542,14.9,.530,.539,.195,2.0,10.2,6.1,23.7,1.4,1.5,11.9,28.8,,0.2,0.4,0.6,.050,,1.1,-2.0,-1.0,0.1,hylanbo01
209,Serge Ibaka,PF,33,MIL,15,170,11.3,.588,.319,.277,8.2,17.7,13.1,3.3,0.0,3.0,13.2,15.0,,0.1,0.2,0.3,.092,,-3.2,-0.3,-3.5,-0.1,ibakase01
210,Joe Ingles,SF,35,MIL,5,88,-1.5,.361,.840,.120,2.5,5.9,4.2,10.2,1.1,0.0,27.5,17.4,,-0.3,0.1,-0.2,-0.136,,-8.3,-2.3,-10.6,-0.2,inglejo01
211,Brandon Ingram,SF,25,NOP,15,481,18.3,.590,.260,.329,1.6,16.0,8.8,22.2,1.3,2.0,13.7,26.9,,0.7,0.6,1.3,.126,,1.7,0.2,1.9,0.5,ingrabr01
212,Kyrie Irving,PG,30,BRK,25,918,20.7,.605,.425,.211,2.8,12.2,7.7,20.6,1.0,2.1,9.9,29.2,,1.8,0.8,2.6,.136,,3.9,-1.3,2.6,1.1,irvinky01
213,Jaden Ivey,SG,20,DET,33,997,12.4,.513,.329,.360,3.8,11.7,7.7,20.8,1.7,0.8,15.0,24.6,,-0.3,0.4,0.1,.003,,-1.6,-1.1,-2.7,-0.2,iveyja01
214,Isaiah Jackson,PF,21,IND,29,453,16.8,.602,.045,.545,10.0,18.6,14.3,9.3,1.5,6.5,14.2,17.6,,0.6,0.6,1.2,.132,,-2.0,1.4,-0.6,0.2,jacksis01
215,Jaren Jackson Jr.,C,23,MEM,17,427,22.8,.608,.397,.407,8.0,17.5,12.8,3.5,2.0,11.1,10.1,23.8,,0.8,1.0,1.7,.195,,1.5,2.6,4.1,0.7,jacksja02
216,Justin Jackson,SF,27,BOS,14,65,2.5,.321,.857,.000,0.0,11.7,5.9,7.5,1.5,2.6,12.5,10.7,,-0.1,0.1,0.0,-0.035,,-5.6,0.4,-5.1,-0.1,jacksju01
217,Reggie Jackson,PG,32,LAC,33,947,10.5,.534,.415,.154,1.7,7.7,4.8,20.4,1.2,0.3,16.1,20.9,,-0.1,0.9,0.8,.040,,-2.5,-0.6,-3.2,-0.3,jacksre01
218,LeBron James,PF,38,LAL,27,965,23.4,.574,.313,.238,3.8,20.0,12.1,32.1,1.4,1.4,11.5,32.4,,1.4,1.0,2.4,.120,,4.8,0.2,5.0,1.7,jamesle01
219,Ty Jerome,SG,25,GSW,20,346,13.0,.629,.413,.192,1.0,10.1,5.6,18.7,0.7,0.3,8.9,15.0,,0.7,0.2,0.9,.126,,-0.4,-0.6,-0.9,0.1,jeromty01
220,Isaiah Joe,SG,23,OKC,27,324,17.3,.672,.817,.192,1.0,14.9,7.8,11.4,2.3,0.6,9.1,18.4,,0.7,0.4,1.1,.167,,3.1,0.9,4.0,0.5,joeis01
221,Alize Johnson,PF,26,SAS,4,30,4.4,.509,.333,.333,7.1,31.2,18.6,4.3,1.6,0.0,36.8,15.1,,-0.1,0.0,-0.1,-0.098,,-7.3,-2.0,-9.3,-0.1,johnsal02
222,Cameron Johnson,PF,26,PHO,8,202,17.1,.592,.614,.133,2.7,12.6,7.5,9.9,2.2,1.3,2.2,18.9,,0.4,0.2,0.7,.156,,3.3,0.8,4.1,0.3,johnsca02
223,Jalen Johnson,SF,21,ATL,33,524,11.0,.506,.351,.216,4.2,21.5,12.6,9.0,1.5,2.6,10.0,14.5,,0.1,0.7,0.8,.070,,-3.1,1.3,-1.8,0.0,johnsja05
224,James Johnson,PF,35,IND,9,71,2.1,.395,.368,.000,0.0,12.2,6.1,9.3,0.7,3.7,9.5,12.4,,-0.1,0.1,0.0,-0.028,,-8.6,0.3,-8.3,-0.1,johnsja01
225,Keldon Johnson,SF,23,SAS,30,979,13.7,.522,.413,.266,2.8,14.8,8.6,13.9,1.2,0.3,10.3,28.4,,-0.2,0.2,0.0,.001,,-0.1,-3.0,-3.1,-0.3,johnske04
226,Keon Johnson,SG,20,POR,15,207,7.7,.475,.516,.118,3.4,12.0,7.7,14.6,2.1,1.7,19.7,25.7,,-0.5,0.2,-0.3,-0.074,,-4.6,-1.0,-5.5,-0.2,johnske07
227,Stanley Johnson,SF,26,SAS,7,89,18.8,.685,.333,.185,2.4,17.1,9.4,20.8,2.7,3.8,17.0,16.4,,0.2,0.1,0.3,.135,,1.9,1.6,3.5,0.1,johnsst04
228,Nikola Jokić,C,27,DEN,31,1042,32.3,.688,.153,.445,7.6,29.7,18.8,45.3,2.1,1.8,15.8,28.6,,5.2,1.4,6.6,.305,,8.4,3.8,12.2,3.7,jokicni01
229,Damian Jones,C,27,LAL,18,167,15.2,.614,.083,.556,12.0,21.8,17.1,3.2,0.8,5.6,15.2,13.4,,0.2,0.2,0.4,.125,,-1.9,0.2,-1.6,0.0,jonesda03
230,Derrick Jones Jr.,SF,25,CHI,25,345,15.7,.612,.333,.375,7.5,11.5,9.5,6.0,1.8,4.7,9.0,15.5,,0.6,0.4,1.0,.139,,-0.2,0.6,0.4,0.2,jonesde02
231,Herbert Jones,SF,24,NOP,23,653,11.9,.549,.372,.394,4.6,9.2,6.9,10.3,2.3,2.3,11.3,16.0,,0.6,0.9,1.4,.105,,-2.1,1.3,-0.8,0.2,joneshe01
232,Kai Jones,C,22,CHO,22,217,10.8,.552,.204,.204,8.9,15.5,12.0,3.2,1.1,4.2,13.3,13.0,,0.1,0.2,0.3,.063,,-4.3,-0.7,-5.0,-0.2,joneska01
233,Tre Jones,PG,23,SAS,33,989,15.2,.524,.234,.234,2.8,10.8,6.6,30.3,2.3,0.4,13.8,19.6,,1.1,0.4,1.4,.070,,-0.7,-0.9,-1.6,0.1,jonestr01
234,Tyus Jones,PG,26,MEM,33,774,15.4,.545,.441,.152,1.9,7.9,5.0,26.9,1.6,0.2,9.9,18.2,,1.3,0.8,2.1,.129,,1.2,-0.2,1.0,0.6,jonesty01
235,DeAndre Jordan,C,34,DEN,26,375,15.1,.719,.014,.522,11.0,31.6,21.4,7.3,0.6,4.2,25.5,13.1,,0.4,0.5,0.8,.108,,-1.9,0.1,-1.8,0.0,jordade01
236,Cory Joseph,PG,31,DET,30,443,10.3,.497,.434,.180,1.7,6.6,4.1,29.0,1.1,0.4,12.0,14.3,,0.4,0.0,0.4,.047,,-2.1,-1.4,-3.5,-0.2,josepco01
237,Nikola Jović,PF,19,MIA,15,204,10.8,.530,.507,.275,4.9,12.9,8.7,7.3,1.7,1.0,11.4,19.0,,0.0,0.2,0.3,.060,,-3.4,-0.2,-3.5,-0.1,jovicni01
238,Mfiondu Kabengele,PF,25,BOS,1,8,18.5,.500,.500,.000,41.9,13.5,27.5,0.0,0.0,0.0,0.0,10.9,,0.0,0.0,0.0,.244,,-0.1,-7.2,-7.3,0.0,kabenmf01
239,Frank Kaminsky,C,29,ATL,16,125,14.8,.746,.600,.267,0.8,21.2,10.8,17.0,0.8,0.0,15.2,13.3,,0.3,0.1,0.4,.166,,0.8,1.4,2.2,0.1,kaminfr01
240,Trevor Keels,SG,19,NYK,1,1,-26.5,.000,1.000,.000,0.0,100.0,53.3,0.0,0.0,0.0,0.0,42.1,,0.0,0.0,0.0,-0.797,,-36.1,-8.3,-44.5,0.0,keelstr01
241,Luke Kennard,SG,26,LAC,24,540,12.6,.670,.652,.089,1.0,12.1,6.7,7.7,1.3,0.5,11.8,15.0,,0.7,0.6,1.3,.117,,-0.1,0.7,0.6,0.4,kennalu01
242,Walker Kessler,C,21,UTA,34,624,20.2,.717,.000,.481,14.2,23.6,18.8,4.7,0.5,8.2,12.0,12.3,,1.7,0.9,2.5,.195,,0.5,1.5,2.0,0.6,kesslwa01
243,Braxton Key,SF,25,DET,3,9,19.0,1.064,.000,2.000,0.0,12.6,6.1,0.0,0.0,0.0,0.0,8.8,,0.0,0.0,0.0,.243,,2.4,0.6,3.0,0.0,keybr01
244,Corey Kispert,SF,23,WAS,28,776,10.7,.619,.612,.173,2.2,7.6,5.0,7.3,1.1,0.4,7.9,12.9,,0.9,0.4,1.3,.080,,-1.2,-1.0,-2.2,-0.1,kispeco01
245,Maxi Kleber,C,31,DAL,22,564,9.6,.622,.625,.135,3.9,12.5,8.2,5.3,0.6,3.6,10.6,9.9,,0.6,0.5,1.1,.091,,-1.5,0.3,-1.3,0.1,klebima01
246,Nathan Knight,PF,25,MIN,16,79,17.1,.761,.190,.714,7.3,15.0,11.3,7.3,2.4,1.2,24.6,19.7,,0.1,0.1,0.2,.125,,-2.3,-0.4,-2.7,0.0,knighna01
247,Kevin Knox,SF,23,DET,30,420,11.0,.595,.652,.174,3.6,15.4,9.3,4.6,1.3,1.9,11.8,16.2,,0.2,0.2,0.5,.052,,-1.5,-0.4,-1.9,0.0,knoxke01
248,Christian Koloko,C,22,TOR,32,518,10.4,.506,.074,.521,11.0,12.8,11.8,3.8,0.9,7.6,12.2,10.8,,0.3,0.5,0.9,.082,,-4.8,0.1,-4.7,-0.4,kolokch01
249,John Konchar,SG,26,MEM,31,799,11.9,.579,.581,.102,4.3,18.3,11.4,7.7,2.0,1.0,8.5,10.9,,0.9,1.2,2.1,.127,,-0.9,1.8,1.0,0.6,konchjo01
250,Furkan Korkmaz,SG,25,PHI,18,204,9.2,.521,.484,.403,2.3,10.7,6.6,11.9,1.0,0.9,14.1,18.7,,-0.1,0.2,0.1,.032,,-3.3,-1.3,-4.6,-0.1,korkmfu01
251,Luke Kornet,C,27,BOS,30,373,17.2,.705,.080,.240,12.6,17.4,15.0,8.0,0.8,5.4,12.6,11.1,,1.0,0.5,1.6,.200,,-0.1,1.2,1.1,0.3,kornelu01
252,Vit Krejci,PG,22,ATL,16,105,6.8,.484,.654,.077,2.0,9.5,5.6,12.0,0.9,0.8,10.0,12.0,,0.0,0.1,0.1,.034,,-4.0,0.1,-3.9,0.0,krejcvi01
253,Jonathan Kuminga,PF,20,GSW,32,588,10.3,.546,.314,.340,6.5,13.1,9.9,11.7,1.2,2.2,17.6,19.0,,-0.1,0.6,0.5,.037,,-3.7,-0.4,-4.1,-0.3,kuminjo01
254,Kyle Kuzma,PF,27,WAS,35,1240,15.9,.560,.421,.206,3.0,20.3,11.9,16.0,0.8,1.0,12.1,27.1,,0.3,1.0,1.3,.051,,0.9,-1.5,-0.6,0.4,kuzmaky01
255,Anthony Lamb,SF,25,GSW,28,518,10.4,.628,.690,.111,4.3,13.9,9.2,11.2,1.5,1.4,18.0,13.1,,0.3,0.5,0.9,.080,,-1.7,0.7,-1.0,0.1,lamban01
256,Jock Landale,C,27,PHO,30,419,17.3,.601,.298,.411,12.7,16.8,14.7,8.0,0.8,4.0,13.1,19.5,,0.8,0.4,1.2,.142,,-0.6,-0.6,-1.1,0.1,landajo01
257,Romeo Langford,SG,23,SAS,19,362,10.3,.543,.290,.269,8.0,7.8,7.9,6.2,1.6,1.9,12.6,13.7,,0.2,0.1,0.3,.035,,-2.4,-1.0,-3.4,-0.1,langfro01
258,Jake LaRavia,PF,21,MEM,21,325,8.0,.559,.699,.096,5.2,12.1,8.7,7.0,1.5,0.8,16.5,11.5,,0.1,0.4,0.5,.073,,-3.0,0.8,-2.2,0.0,laravja01
259,Zach LaVine,SG,27,CHI,30,1043,16.6,.567,.420,.231,1.8,12.1,7.0,19.1,1.5,0.1,10.7,27.4,,0.8,0.8,1.6,.073,,1.1,-1.2,-0.2,0.5,lavinza01
260,A.J. Lawson,SG,22,MIN,1,2,35.1,1.000,.000,.000,0.0,53.8,27.8,0.0,0.0,0.0,0.0,21.3,,0.0,0.0,0.0,.379,,-2.4,7.4,5.0,0.0,lawsoaj01
261,Damion Lee,SG,30,PHO,36,788,12.2,.648,.627,.182,3.2,14.8,8.8,7.7,0.9,0.3,11.9,14.6,,1.2,0.6,1.8,.107,,0.6,-0.8,-0.1,0.4,leeda03
262,Saben Lee,PG,23,PHI,2,10,13.3,.750,.250,.000,0.0,0.0,0.0,38.7,4.9,0.0,42.9,31.4,,0.0,0.0,0.0,-0.078,,-3.7,-0.6,-4.3,0.0,leesa01
263,Alex Len,C,29,SAC,9,39,9.4,.553,.100,.400,8.9,28.9,19.1,6.8,0.0,0.0,14.5,15.0,,0.0,0.0,0.1,.066,,-5.3,-1.6,-6.9,0.0,lenal01
264,Kawhi Leonard,SF,31,LAC,14,391,18.6,.536,.273,.299,4.3,18.9,11.8,22.7,1.5,0.9,8.6,25.8,,0.5,0.6,1.0,.126,,1.4,1.4,2.9,0.5,leonaka01
265,Caris LeVert,SG,28,CLE,31,942,10.7,.502,.389,.244,3.0,12.7,8.0,18.0,1.2,0.4,12.2,19.4,,0.1,1.3,1.4,.071,,-2.5,0.4,-2.0,0.0,leverca01
266,Kira Lewis Jr.,PG,21,NOP,2,23,8.6,.463,.273,.182,0.0,9.7,4.9,6.1,2.1,0.0,0.0,21.8,,0.0,0.0,0.0,.057,,-6.9,1.0,-5.9,0.0,lewiski01
267,Damian Lillard,PG,32,POR,22,772,23.4,.624,.593,.395,2.1,10.2,6.2,34.2,1.2,0.7,13.7,31.8,,2.5,0.5,3.0,.184,,6.6,-1.4,5.1,1.4,lillada01
268,Nassir Little,PF,22,POR,21,321,11.0,.579,.473,.231,2.5,15.1,8.9,8.0,1.2,0.8,12.3,15.6,,0.2,0.3,0.4,.064,,-1.1,-0.2,-1.3,0.1,littlna01
269,Isaiah Livers,PF,24,DET,22,430,8.3,.567,.779,.192,2.7,10.3,6.4,4.2,1.0,2.5,10.3,12.4,,0.2,0.1,0.3,.036,,-1.8,-0.4,-2.1,0.0,liveris01
270,Kenneth Lofton Jr.,PF,20,MEM,5,23,15.5,.490,.071,.214,4.6,13.6,9.1,29.9,0.0,0.0,6.1,29.1,,0.0,0.0,0.0,.065,,-0.4,-1.0,-1.4,0.0,loftoke01
271,Kevon Looney,C,26,GSW,36,821,16.9,.651,.000,.374,12.3,25.2,18.8,16.9,0.8,2.2,7.2,9.9,,2.6,1.0,3.6,.209,,0.8,1.6,2.5,0.9,looneke01
272,Brook Lopez,C,34,MIL,33,1016,17.8,.626,.475,.197,6.4,13.8,10.1,5.8,0.9,7.1,10.1,18.0,,1.7,1.6,3.3,.157,,1.3,1.6,2.9,1.3,lopezbr01
273,Robin Lopez,C,34,CLE,22,194,10.4,.659,.000,.273,10.7,8.9,9.8,6.8,0.3,1.5,23.3,14.8,,0.2,0.2,0.4,.091,,-3.8,-0.2,-4.1,-0.1,lopezro01
274,Kevin Love,PF,34,CLE,27,535,16.0,.596,.712,.255,5.0,35.5,20.7,15.8,0.4,0.9,13.9,19.9,,0.7,1.0,1.7,.155,,2.4,1.3,3.8,0.8,loveke01
275,Kyle Lowry,PG,36,MIA,30,1078,14.0,.576,.620,.316,2.5,13.2,7.6,24.4,1.5,1.4,15.5,18.2,,1.2,1.3,2.5,.111,,0.1,0.8,0.9,0.8,lowryky01
276,Trey Lyles,PF,27,SAC,27,389,12.0,.558,.630,.200,7.8,17.6,12.8,7.7,1.1,1.7,14.5,18.8,,0.1,0.4,0.4,.052,,-1.0,-1.3,-2.3,0.0,lylestr01
277,Théo Maledon,PG,21,CHO,33,539,12.5,.558,.394,.380,1.7,15.2,8.1,19.8,2.2,0.8,17.0,15.4,,0.3,0.5,0.8,.073,,-2.4,0.5,-1.9,0.0,maledth01
278,Sandro Mamukelashvili,C,23,MIL,14,117,9.4,.455,.515,.303,8.3,19.5,14.0,10.3,0.4,1.4,9.7,14.9,,0.0,0.1,0.2,.062,,-2.8,-0.2,-3.1,0.0,mamuksa01
279,Terance Mann,SG,26,LAC,35,752,13.9,.604,.346,.226,5.7,13.5,9.7,13.4,1.4,1.3,13.4,16.0,,1.0,1.0,1.9,.124,,-0.6,1.3,0.6,0.5,mannte01
280,Tre Mann,PG,21,OKC,29,580,9.7,.482,.544,.096,2.7,10.2,6.4,11.2,1.8,0.6,9.4,20.6,,-0.4,0.5,0.1,.011,,-3.1,-0.9,-4.0,-0.3,manntr01
281,Boban Marjanović,C,34,HOU,10,38,20.6,.702,.091,.818,2.9,25.9,14.4,4.2,1.3,2.6,11.8,18.5,,0.1,0.0,0.1,.174,,1.5,0.3,1.9,0.0,marjabo01
282,Lauri Markkanen,SF,25,UTA,34,1153,22.0,.667,.460,.307,6.1,21.5,13.7,9.4,0.8,1.5,10.0,24.0,,3.4,1.0,4.4,.184,,4.9,-0.8,4.1,1.8,markkla01
283,Naji Marshall,SF,25,NOP,32,735,12.6,.566,.436,.300,3.8,12.7,8.3,13.1,1.4,1.0,11.1,16.1,,0.9,0.8,1.7,.110,,-0.7,0.2,-0.5,0.3,marshna01
284,Caleb Martin,PF,27,MIA,32,1031,11.8,.571,.429,.149,5.4,12.1,8.6,8.7,1.7,1.2,11.2,14.5,,0.7,1.2,1.9,.090,,-1.3,0.3,-1.0,0.3,martica02
285,Cody Martin,SF,27,CHO,1,1,0.0,,,,0.0,0.0,0.0,0.0,0.0,0.0,,0.0,,0.0,0.0,0.0,-0.009,,-5.5,-1.8,-7.2,0.0,martico01
286,Kenyon Martin Jr.,SF,22,HOU,34,832,15.4,.625,.355,.294,6.4,15.5,10.9,9.2,0.9,1.3,11.1,16.5,,1.5,0.4,1.9,.110,,0.6,-0.9,-0.2,0.4,martike04
287,Tyrese Martin,SG,23,ATL,11,42,7.0,.444,.313,.125,5.0,10.5,7.7,0.0,1.1,0.0,5.6,17.9,,0.0,0.0,0.0,-0.014,,-5.0,-2.2,-7.3,-0.1,martity01
288,Garrison Mathews,SG,26,HOU,27,354,11.3,.614,.946,.333,1.5,8.0,4.8,5.5,2.2,0.8,7.0,13.4,,0.6,0.2,0.8,.113,,-1.1,0.8,-0.3,0.1,mathega01
289,Bennedict Mathurin,SG,20,IND,35,989,13.3,.552,.389,.424,4.2,10.8,7.5,8.0,1.0,0.3,10.2,25.6,,0.5,0.6,1.0,.049,,-0.9,-2.3,-3.2,-0.3,mathube01
290,Wesley Matthews,SG,36,MIL,25,377,6.6,.491,.808,.137,5.4,6.3,5.9,5.4,1.7,1.3,10.4,9.6,,0.1,0.4,0.5,.069,,-3.7,1.3,-2.5,0.0,matthwe02
291,Tyrese Maxey,SG,22,PHI,15,546,17.0,.569,.374,.238,1.3,9.6,5.5,20.6,1.4,0.7,9.0,27.2,,0.5,0.6,1.1,.100,,1.4,-0.9,0.6,0.4,maxeyty01
292,Miles McBride,PG,22,NYK,23,289,9.3,.469,.627,.181,1.8,4.8,3.3,14.4,2.7,0.0,8.2,14.2,,0.1,0.3,0.3,.057,,-3.2,2.0,-1.2,0.1,mcbrimi01
293,CJ McCollum,SG,31,NOP,30,1057,15.0,.510,.385,.134,3.0,13.2,8.1,25.8,1.5,1.7,11.8,25.8,,0.4,1.3,1.6,.074,,0.9,-0.5,0.4,0.6,mccolcj01
294,T.J. McConnell,PG,30,IND,32,556,12.4,.473,.102,.114,3.8,11.3,7.5,34.9,2.9,0.8,22.2,16.9,,-0.1,0.6,0.6,.048,,-2.4,0.8,-1.7,0.0,mccontj01
295,Jaden McDaniels,PF,22,MIN,32,984,12.3,.620,.364,.182,4.8,8.3,6.6,7.4,1.7,3.6,13.9,14.9,,0.8,0.9,1.7,.084,,-1.5,0.5,-1.0,0.2,mcdanja02
296,Jalen McDaniels,SF,25,CHO,35,909,12.7,.567,.406,.221,3.3,16.1,9.4,12.2,1.9,1.8,12.6,17.1,,0.6,0.8,1.5,.078,,-1.7,0.5,-1.2,0.2,mcdanja01
297,Doug McDermott,SF,31,SAS,29,598,11.9,.600,.586,.111,1.8,10.2,5.8,10.2,0.2,0.7,9.9,19.7,,0.6,-0.1,0.5,.038,,0.2,-3.2,-3.0,-0.1,mcderdo01
298,JaVale McGee,C,35,DAL,22,185,15.8,.630,.063,.375,9.5,23.9,16.6,3.7,0.8,5.5,21.2,23.2,,0.0,0.3,0.2,.058,,-4.1,-0.6,-4.7,-0.1,mcgeeja01
299,Bryce McGowens,SG,20,CHO,13,186,8.8,.527,.356,.267,1.6,9.0,5.1,9.3,1.0,1.9,10.7,12.5,,0.1,0.1,0.2,.040,,-2.7,-1.3,-4.0,-0.1,mcgowbr01
300,Rodney McGruder,SG,31,DET,11,92,5.0,.330,.708,.167,6.9,14.8,10.7,12.9,1.0,0.0,13.4,13.7,,-0.1,0.0,-0.1,-0.058,,-3.3,-1.1,-4.4,-0.1,mcgruro01
301,Jordan McLaughlin,PG,26,MIN,18,287,13.4,.522,.515,.136,2.8,8.6,5.8,28.7,2.5,0.7,16.7,12.4,,0.3,0.3,0.6,.100,,-0.4,0.6,0.1,0.2,mclaujo01
302,De'Anthony Melton,PG,24,PHI,30,906,14.0,.550,.596,.087,4.4,13.6,9.1,15.6,3.3,1.1,13.4,18.5,,0.3,1.6,1.9,.099,,-0.5,2.1,1.6,0.8,meltode01
303,Chimezie Metu,C,25,SAC,25,278,15.6,.639,.236,.225,6.3,24.7,15.6,8.3,1.5,1.5,14.8,17.6,,0.3,0.3,0.6,.112,,-0.9,0.2,-0.7,0.1,metuch01
304,Khris Middleton,SF,31,MIL,7,171,9.6,.457,.532,.247,0.6,10.3,5.6,25.9,1.1,0.5,11.4,23.7,,-0.1,0.2,0.1,.032,,-3.4,-1.1,-4.5,-0.1,middlkh01
305,Patty Mills,PG,34,BRK,24,283,15.6,.657,.690,.150,2.2,7.0,4.7,14.8,1.0,0.3,10.9,18.9,,0.6,0.2,0.7,.124,,2.6,-1.8,0.8,0.2,millspa02
306,Shake Milton,SG,26,PHI,29,708,13.6,.593,.268,.230,2.8,12.1,7.6,20.6,0.8,0.7,14.6,19.5,,0.8,0.7,1.5,.100,,-1.0,-0.7,-1.6,0.1,miltosh01
307,Josh Minott,SF,20,MIN,6,15,35.0,.740,.200,.800,15.3,7.2,11.1,19.4,3.1,6.2,0.0,19.2,,0.1,0.0,0.1,.434,,10.5,4.1,14.6,0.1,minotjo01
308,Davion Mitchell,PG,24,SAC,32,623,9.3,.530,.451,.093,1.3,7.8,4.6,17.7,1.4,1.1,14.8,15.2,,0.1,0.4,0.5,.039,,-2.5,-0.3,-2.9,-0.1,mitchda01
309,Donovan Mitchell,SG,26,CLE,31,1125,23.6,.631,.457,.271,2.9,9.3,6.2,22.3,1.9,0.9,11.3,31.4,,3.1,1.7,4.7,.202,,6.1,0.8,6.9,2.5,mitchdo01
310,Evan Mobley,PF,21,CLE,35,1193,17.0,.601,.108,.347,8.8,22.0,15.6,11.8,1.1,3.5,14.1,18.6,,1.7,2.2,3.9,.155,,-0.1,1.8,1.7,1.1,mobleev01
311,Isaiah Mobley,PF,23,CLE,8,26,15.0,.563,.250,.000,4.7,44.3,25.1,0.0,1.9,0.0,0.0,13.8,,0.0,0.1,0.1,.163,,-0.2,1.4,1.2,0.0,mobleis01
312,Chima Moneke,SF,27,SAC,2,8,-3.4,.347,.000,1.000,29.1,0.0,14.3,16.5,0.0,0.0,41.0,26.0,,0.0,0.0,0.0,-0.276,,-12.8,-7.9,-20.7,0.0,monekch01
313,Malik Monk,SG,24,SAC,33,771,16.7,.585,.504,.241,2.0,9.2,5.6,24.8,1.3,0.5,13.8,26.5,,0.9,0.5,1.4,.089,,1.7,-1.6,0.1,0.4,monkma01
314,Moses Moody,SG,20,GSW,31,489,9.3,.610,.609,.203,2.8,9.3,6.1,6.7,1.1,0.9,14.2,13.9,,0.2,0.3,0.6,.057,,-2.0,-0.9,-2.9,-0.1,moodymo01
315,Wendell Moore Jr.,SG,21,MIN,16,96,9.5,.530,.429,.179,2.4,12.3,7.5,11.1,2.5,2.9,18.8,16.5,,-0.1,0.1,0.0,.022,,-4.1,1.2,-2.9,0.0,moorewe01
316,Ja Morant,PG,23,MEM,28,907,23.3,.547,.255,.421,4.1,16.2,10.2,40.6,1.5,0.6,13.0,36.0,,1.6,1.2,2.8,.146,,5.3,0.3,5.6,1.7,moranja01
317,Marcus Morris,PF,33,LAC,33,986,12.8,.563,.492,.152,1.9,16.3,9.3,8.9,1.1,1.2,7.5,18.7,,0.7,1.3,2.0,.099,,-0.7,0.6,-0.1,0.5,morrima03
318,Markieff Morris,PF,33,BRK,19,217,12.7,.621,.639,.098,5.0,17.7,11.7,11.5,1.3,1.6,14.7,15.4,,0.2,0.2,0.5,.108,,-0.2,-0.3,-0.5,0.1,morrima02
319,Monte Morris,PG,27,WAS,31,890,13.9,.551,.405,.154,1.5,11.3,6.5,24.9,1.4,0.6,8.6,14.9,,1.4,0.6,2.0,.108,,0.0,-0.3,-0.3,0.4,morrimo01
320,Trey Murphy III,SF,22,NOP,31,894,15.4,.650,.634,.240,4.0,12.5,8.2,6.9,1.8,1.6,7.8,15.8,,1.9,1.1,3.0,.162,,1.7,0.6,2.3,1.0,murphtr02
321,Dejounte Murray,SG,26,ATL,30,1078,17.3,.528,.312,.154,2.0,14.2,8.0,25.9,2.3,0.9,11.3,25.6,,0.6,1.3,1.8,.081,,1.1,0.6,1.8,1.0,murrade01
322,Jamal Murray,PG,25,DEN,28,890,16.7,.541,.364,.240,2.0,12.3,7.2,25.8,1.5,0.6,10.9,25.9,,1.0,0.6,1.6,.084,,1.1,-1.7,-0.6,0.3,murraja01
323,Keegan Murray,SF,22,SAC,31,888,10.1,.555,.597,.133,3.3,11.4,7.4,3.7,1.3,1.8,9.7,17.3,,0.0,0.7,0.7,.040,,-1.3,-1.0,-2.3,-0.1,murrake02
324,Mike Muscala,C,31,OKC,24,318,15.9,.624,.673,.231,3.6,22.0,12.6,10.0,0.6,3.7,5.8,15.9,,0.7,0.4,1.1,.161,,1.3,0.3,1.6,0.3,muscami01
325,Svi Mykhailiuk,SF,25,NYK,11,38,16.9,.739,.833,.417,0.0,19.7,9.8,3.8,1.3,0.0,12.3,18.0,,0.1,0.0,0.1,.152,,4.1,0.6,4.8,0.1,mykhasv01
326,Larry Nance Jr.,PF,30,NOP,29,662,17.7,.683,.150,.198,8.5,19.0,13.7,11.1,2.0,3.4,12.5,13.2,,1.5,1.1,2.6,.187,,0.8,2.2,3.0,0.8,nancela02
327,Andrew Nembhard,SG,23,IND,30,784,10.3,.568,.498,.075,1.8,11.0,6.5,20.0,1.9,0.7,17.0,14.1,,0.4,0.6,1.1,.066,,-2.4,0.7,-1.7,0.1,nembhan01
328,Aaron Nesmith,SF,23,IND,30,669,10.2,.548,.551,.169,3.9,14.2,9.1,7.4,1.6,2.0,10.7,16.9,,0.2,0.6,0.8,.057,,-2.6,0.1,-2.4,-0.1,nesmiaa01
329,Raul Neto,PG,30,CLE,22,197,10.7,.558,.409,.273,1.2,8.8,5.1,18.2,2.3,0.0,14.0,13.0,,0.2,0.3,0.5,.117,,-3.4,2.6,-0.8,0.1,netora01
330,Georges Niang,PF,29,PHI,31,629,12.1,.613,.761,.096,1.1,12.0,6.7,7.8,1.2,1.2,9.4,18.9,,0.5,0.7,1.2,.094,,-0.1,-0.5,-0.5,0.2,niangge01
331,Daishen Nix,PG,20,HOU,29,438,8.0,.481,.663,.208,2.5,10.0,6.2,23.6,2.5,0.7,27.6,14.4,,-0.4,0.3,0.0,-0.005,,-3.5,0.0,-3.6,-0.2,nixda01
332,Zeke Nnaji,PF,22,DEN,25,263,11.2,.635,.229,.257,10.7,6.6,8.6,2.5,0.7,1.4,13.3,14.8,,0.4,0.1,0.5,.086,,-3.4,-2.4,-5.9,-0.3,nnajize01
333,Nerlens Noel,C,28,DET,7,63,9.2,.384,.000,.462,5.1,28.7,16.5,6.4,4.6,2.8,16.1,12.5,,-0.1,0.1,0.0,.015,,-5.3,2.8,-2.5,0.0,noelne01
334,Jaylen Nowell,SG,23,MIN,35,703,14.0,.509,.378,.149,4.3,11.5,8.0,16.3,1.4,0.4,7.5,25.7,,0.1,0.5,0.6,.043,,-0.8,-1.6,-2.4,-0.1,nowelja01
335,Frank Ntilikina,PG,24,DAL,16,200,3.7,.421,.533,.244,1.2,12.6,6.8,14.4,1.0,0.9,19.4,14.0,,-0.3,0.2,-0.1,-0.031,,-6.8,-0.6,-7.4,-0.3,ntilila01
336,Kendrick Nunn,PG,27,LAL,28,326,5.4,.460,.487,.084,0.3,9.3,4.9,10.9,0.9,0.3,14.5,24.2,,-0.8,0.2,-0.7,-0.099,,-5.6,-2.6,-8.2,-0.5,nunnke01
337,Jusuf Nurkić,C,28,POR,30,865,19.2,.613,.184,.420,10.0,28.8,19.5,16.0,1.3,3.0,16.8,22.0,,1.4,1.2,2.6,.143,,0.4,1.0,1.3,0.7,nurkiju01
338,Jordan Nwora,SF,24,MIL,26,431,9.5,.508,.514,.229,5.0,14.7,9.9,8.0,0.9,0.6,12.7,17.7,,0.0,0.5,0.4,.048,,-2.3,-0.6,-2.9,-0.1,nworajo01
339,Royce O'Neale,SF,29,BRK,33,1161,9.3,.554,.665,.093,2.6,12.9,8.0,15.0,1.3,1.8,17.2,13.0,,0.4,1.1,1.5,.061,,-1.3,0.2,-1.0,0.3,onealro01
340,Chuma Okeke,PF,24,ORL,18,392,10.1,.509,.690,.241,6.2,15.7,11.0,9.0,1.4,2.2,8.6,11.6,,0.3,0.3,0.6,.078,,-1.5,0.6,-0.9,0.1,okekech01
341,Josh Okogie,SG,24,PHO,31,367,15.0,.512,.425,.416,13.0,15.5,14.2,11.8,2.5,3.1,14.1,18.1,,0.3,0.5,0.8,.110,,-0.9,1.0,0.1,0.2,okogijo01
342,Onyeka Okongwu,C,22,ATL,34,757,17.7,.653,.015,.418,12.4,21.7,16.9,5.4,1.1,3.7,11.6,14.4,,1.8,1.0,2.8,.176,,-0.9,0.4,-0.5,0.3,okongon01
343,Isaac Okoro,SG,22,CLE,35,654,8.1,.530,.486,.271,3.2,9.9,6.6,5.8,1.7,2.0,11.8,12.2,,0.1,1.0,1.1,.081,,-3.7,1.9,-1.8,0.0,okorois01
344,KZ Okpala,PF,23,SAC,22,180,8.0,.604,.464,.214,3.9,13.8,8.9,6.9,1.1,3.2,14.0,8.4,,0.1,0.2,0.3,.086,,-3.4,1.2,-2.1,0.0,okpalkz01
345,Victor Oladipo,SG,30,MIA,10,254,9.6,.471,.532,.234,1.7,9.9,5.7,15.2,3.3,0.8,12.4,16.9,,-0.2,0.4,0.2,.044,,-5.2,1.6,-3.7,-0.1,oladivi01
346,Kelly Olynyk,PF,31,UTA,33,940,15.2,.663,.428,.402,4.8,14.7,9.7,15.4,1.9,1.8,19.0,17.6,,1.6,0.9,2.5,.126,,0.1,0.9,0.9,0.7,olynyke01
347,Eugene Omoruyi,SF,25,OKC,15,192,13.4,.554,.389,.264,8.1,14.0,11.0,6.7,3.0,0.0,11.1,19.6,,0.1,0.2,0.4,.093,,-3.0,0.2,-2.8,0.0,omorueu01
348,Cedi Osman,SF,27,CLE,34,778,11.6,.572,.529,.205,1.6,11.7,6.8,10.1,1.1,0.5,9.0,17.9,,0.6,1.0,1.6,.101,,-1.5,0.6,-1.0,0.2,osmande01
349,Kelly Oubre Jr.,SF,27,CHO,34,1128,15.1,.518,.418,.224,4.7,12.5,8.4,6.0,2.3,1.0,6.0,26.4,,0.3,1.0,1.3,.055,,-0.2,-1.1,-1.3,0.2,oubreke01
350,Chris Paul,PG,37,PHO,22,691,17.2,.542,.413,.329,1.7,14.1,7.7,37.5,2.3,0.9,14.6,18.6,,1.4,0.8,2.2,.151,,1.6,0.8,2.4,0.8,paulch01
351,Cameron Payne,PG,28,PHO,26,645,14.5,.521,.419,.159,1.5,9.5,5.4,31.1,1.9,0.7,13.9,24.3,,0.4,0.5,1.0,.072,,0.3,-1.1,-0.8,0.2,payneca01
352,Theo Pinson,SG,27,DAL,14,69,6.0,.368,.667,.400,3.4,31.2,17.2,9.6,1.5,0.0,14.5,13.6,,-0.1,0.1,0.0,-0.012,,-4.7,-0.1,-4.8,0.0,pinsoth01
353,Scotty Pippen Jr.,PG,22,LAL,3,23,3.9,.363,.286,.857,9.7,9.1,9.3,5.2,2.1,3.7,17.2,21.4,,-0.1,0.0,0.0,-0.100,,-7.5,-2.5,-10.0,0.0,pippesc02
354,Mason Plumlee,C,32,CHO,35,965,18.2,.629,.000,.639,12.2,23.8,17.7,19.4,1.2,2.4,17.4,14.6,,2.0,1.0,3.0,.148,,0.3,1.0,1.3,0.8,plumlma01
355,Jakob Poeltl,C,27,SAS,26,681,20.4,.651,.000,.324,13.4,25.3,19.1,16.3,1.6,3.5,19.0,18.3,,1.2,0.6,1.7,.121,,0.7,0.1,0.8,0.5,poeltja01
356,Aleksej Pokusevski,PF,21,OKC,31,677,14.3,.530,.416,.136,6.9,17.8,12.3,12.7,1.4,5.4,13.7,18.4,,0.2,0.9,1.1,.076,,-0.5,0.8,0.3,0.4,pokusal01
357,Jordan Poole,SG,23,GSW,36,1049,13.4,.558,.499,.290,1.1,7.0,4.1,22.6,1.2,0.8,16.1,30.4,,-0.3,0.7,0.4,.019,,-0.8,-2.5,-3.3,-0.4,poolejo01
358,Kevin Porter Jr.,PG,22,HOU,33,1132,15.6,.541,.384,.315,4.7,12.7,8.7,27.0,2.0,1.2,17.1,26.0,,0.5,0.8,1.3,.057,,0.5,-0.9,-0.4,0.5,porteke02
359,Michael Porter Jr.,SF,24,DEN,20,591,16.1,.603,.527,.153,4.4,19.5,12.0,6.1,1.2,1.6,8.2,22.3,,0.7,0.5,1.2,.099,,1.0,-1.6,-0.6,0.2,portemi01
360,Otto Porter Jr.,SF,29,TOR,8,146,14.3,.656,.567,.267,4.4,10.9,7.4,7.4,3.7,0.0,10.7,11.0,,0.3,0.2,0.4,.141,,-1.1,1.6,0.5,0.1,porteot01
361,Bobby Portis,PF,27,MIL,34,887,18.2,.557,.306,.111,10.2,30.1,20.3,11.2,0.5,0.9,8.6,21.6,,1.3,1.3,2.6,.141,,1.5,-0.6,1.0,0.7,portibo01
362,Kristaps Porziņģis,PF,27,WAS,32,1053,21.9,.589,.348,.436,7.0,22.9,15.1,12.0,1.5,4.0,10.2,27.6,,1.9,1.4,3.3,.148,,2.8,0.2,3.0,1.3,porzikr01
363,Micah Potter,PF,24,UTA,3,14,17.2,1.000,.000,.000,7.8,16.0,11.8,19.5,0.0,0.0,0.0,6.0,,0.1,0.0,0.1,.239,,2.2,1.4,3.6,0.0,pottemi01
364,Dwight Powell,C,31,DAL,30,522,14.1,.710,.022,.648,12.3,11.5,11.9,4.5,1.5,1.9,16.4,12.2,,1.2,0.5,1.7,.159,,-2.0,-0.1,-2.1,0.0,poweldw01
365,Norman Powell,SG,29,LAC,26,643,15.6,.592,.379,.341,1.6,10.3,6.1,11.1,1.6,1.2,12.9,26.2,,0.3,0.8,1.1,.086,,-0.4,-0.2,-0.6,0.2,powelno01
366,Jason Preston,PG,23,LAC,5,44,4.4,.415,.500,.125,2.6,9.7,6.2,26.7,0.0,0.0,19.2,20.7,,-0.1,0.0,-0.1,-0.067,,-5.7,-1.6,-7.3,-0.1,prestja01
367,Joshua Primo,SG,20,SAS,4,93,6.4,.467,.462,.346,2.3,13.9,7.8,24.7,0.5,1.8,26.9,18.3,,-0.1,0.0,-0.1,-0.069,,-4.5,-2.0,-6.5,-0.1,primojo01
368,Taurean Prince,SF,28,MIN,18,352,10.0,.630,.524,.214,2.0,11.9,7.1,8.0,0.8,1.1,15.7,16.1,,0.2,0.2,0.4,.058,,-2.5,-0.9,-3.4,-0.1,princta02
369,Payton Pritchard,PG,25,BOS,21,221,11.0,.515,.588,.118,5.6,8.3,7.0,15.8,1.3,0.4,14.4,20.6,,0.0,0.2,0.2,.035,,-1.9,-1.7,-3.6,-0.1,pritcpa01
370,Trevelin Queen,PG,25,IND,2,20,-3.4,.000,1.000,.000,5.5,10.8,8.2,11.7,2.4,4.4,50.0,12.5,,-0.1,0.0,-0.1,-0.230,,-11.0,-0.6,-11.6,0.0,queentr01
371,Neemias Queta,C,23,SAC,4,25,17.9,.676,.000,.250,18.6,22.5,20.6,6.2,0.0,3.3,10.1,16.8,,0.1,0.0,0.1,.168,,-2.5,-0.8,-3.3,0.0,quetane01
372,Immanuel Quickley,PG,23,NYK,35,860,13.1,.526,.481,.239,2.2,14.5,8.3,18.3,1.9,0.6,11.6,19.5,,0.6,1.0,1.6,.089,,-1.0,0.8,-0.2,0.4,quickim01
373,Julius Randle,PF,28,NYK,35,1207,20.3,.589,.427,.390,6.1,23.8,14.9,16.8,1.0,0.7,11.5,27.3,,2.5,1.5,3.9,.155,,3.7,0.0,3.8,1.7,randlju01
374,Austin Reaves,SG,24,LAL,33,959,12.4,.675,.493,.422,2.5,8.1,5.4,9.5,0.9,1.2,14.3,13.6,,1.5,0.5,2.0,.101,,-0.8,-0.3,-1.1,0.2,reaveau01
375,Cam Reddish,SF,23,NYK,20,438,10.7,.558,.412,.243,1.7,5.9,3.8,6.4,1.7,1.7,9.1,15.9,,0.3,0.4,0.7,.075,,-2.1,-0.1,-2.2,0.0,reddica01
376,Davon Reed,SG,27,DEN,23,236,4.8,.454,.586,.276,3.5,13.2,8.4,7.2,1.6,0.8,16.7,14.3,,-0.3,0.2,-0.1,-0.016,,-5.6,-1.3,-6.9,-0.3,reedda01
377,Paul Reed,C,23,PHI,28,280,15.1,.571,.048,.190,14.0,23.3,18.7,6.2,3.9,6.0,19.9,13.6,,0.2,0.7,0.9,.153,,-4.6,3.2,-1.4,0.0,reedpa01
378,Naz Reid,C,23,MIN,29,508,19.1,.637,.352,.255,5.9,22.9,14.7,8.8,1.2,5.0,12.7,23.0,,0.6,0.7,1.3,.126,,0.7,0.5,1.2,0.4,reidna01
379,Nick Richards,C,25,CHO,33,622,20.1,.657,.000,.538,15.6,20.5,17.9,5.0,0.5,3.9,11.1,16.9,,1.7,0.5,2.3,.175,,0.4,-1.4,-1.0,0.2,richani01
380,Josh Richardson,SG,29,SAS,24,554,11.0,.533,.541,.191,2.5,9.1,5.7,17.0,1.6,0.3,14.4,20.9,,0.0,0.1,0.1,.009,,-1.8,-2.3,-4.1,-0.3,richajo01
381,Austin Rivers,SG,30,MIN,25,493,8.5,.618,.563,.243,0.5,9.4,5.1,8.0,1.2,0.2,10.9,11.0,,0.4,0.3,0.7,.070,,-2.7,-0.2,-2.8,-0.1,riverau01
382,Duncan Robinson,SF,28,MIA,25,456,8.1,.534,.795,.128,1.5,12.1,6.6,10.0,0.8,0.0,9.8,17.7,,0.0,0.4,0.4,.042,,-3.1,-1.6,-4.7,-0.3,robindu01
383,Mitchell Robinson,C,24,NYK,27,693,20.6,.717,.000,.440,17.9,18.7,18.3,5.2,1.4,6.7,9.7,10.0,,2.2,1.1,3.3,.226,,2.1,1.6,3.7,1.0,robinmi01
384,Orlando Robinson,C,22,MIA,8,127,15.3,.545,.143,.229,11.3,17.0,14.0,13.0,2.3,3.2,11.5,15.2,,0.2,0.2,0.4,.141,,-3.0,1.9,-1.0,0.0,robinor01
385,Jeremiah Robinson-Earl,PF,22,OKC,26,548,15.5,.593,.437,.161,9.7,15.3,12.4,6.3,1.6,1.8,7.9,15.4,,1.0,0.6,1.5,.136,,0.5,-0.5,0.0,0.3,robinje02
386,Isaiah Roby,PF,24,SAS,28,309,11.3,.518,.429,.235,4.2,21.2,12.3,13.6,1.8,1.6,13.6,16.8,,0.0,0.2,0.2,.027,,-2.5,-0.2,-2.7,-0.1,robyis01
387,David Roddy,PF,21,MEM,32,594,7.9,.494,.538,.168,3.6,11.7,7.7,5.1,1.0,1.5,10.6,16.3,,-0.2,0.6,0.4,.034,,-3.4,-0.6,-4.0,-0.3,roddyda01
388,Ryan Rollins,PG,20,GSW,11,60,-3.3,.485,.474,.316,3.7,14.5,9.2,12.8,0.8,1.5,42.5,26.3,,-0.4,0.1,-0.3,-0.251,,-12.5,-4.3,-16.8,-0.2,rolliry01
389,Derrick Rose,PG,34,NYK,24,308,11.8,.485,.379,.069,2.8,10.8,6.8,21.4,1.1,1.5,12.3,23.3,,-0.1,0.3,0.2,.027,,-0.8,-1.2,-2.0,0.0,rosede01
390,Terrence Ross,SG,31,ORL,32,736,8.0,.519,.538,.071,1.4,8.5,5.0,8.1,1.3,0.8,12.1,16.6,,-0.3,0.4,0.1,.006,,-3.1,-0.9,-4.0,-0.4,rosste01
391,Terry Rozier,PG,28,CHO,25,901,12.5,.485,.398,.144,2.9,10.4,6.5,23.9,1.0,0.5,10.9,27.0,,-0.4,0.4,0.0,-0.002,,-0.2,-2.4,-2.6,-0.1,roziete01
392,D'Angelo Russell,PG,26,MIN,33,1081,15.6,.578,.492,.200,1.9,8.9,5.5,28.4,1.7,1.5,16.5,22.6,,1.0,0.8,1.8,.081,,1.2,-1.0,0.2,0.6,russeda01
393,Matt Ryan,SF,25,TOT,19,160,6.2,.473,.754,.088,1.4,9.8,5.7,6.5,0.9,0.0,4.8,16.5,,-0.1,0.1,0.0,.002,,-3.2,-1.5,-4.7,-0.1,ryanma01
393,Matt Ryan,SF,25,LAL,12,129,4.9,.459,.714,.102,1.7,9.7,5.8,4.1,0.7,0.0,5.5,17.8,,-0.1,0.1,-0.1,-0.025,,-4.2,-1.8,-6.0,-0.1,ryanma01
393,Matt Ryan,SF,25,MIN,7,31,11.5,.563,1.000,.000,0.0,10.4,5.4,16.3,1.5,0.0,0.0,11.0,,0.1,0.0,0.1,.114,,0.7,0.1,0.8,0.0,ryanma01
394,Domantas Sabonis,PF,26,SAC,32,1079,23.9,.678,.109,.555,10.0,31.5,20.9,29.0,1.1,1.2,15.3,20.2,,4.2,1.3,5.5,.245,,4.5,2.2,6.7,2.4,sabondo01
395,Dario Šarić,PF,28,PHO,18,182,9.1,.459,.435,.161,9.6,22.3,15.7,10.8,0.8,1.0,13.1,17.9,,0.0,0.2,0.1,.037,,-3.7,-1.4,-5.1,-0.1,saricda01
396,Jordan Schakel,SF,24,WAS,2,6,25.0,.750,.500,.000,0.0,0.0,0.0,24.0,8.1,0.0,0.0,14.6,,0.0,0.0,0.0,.320,,7.9,9.4,17.3,0.0,schakjo01
397,Admiral Schofield,PF,25,ORL,23,288,12.6,.623,.617,.160,6.8,10.5,8.7,8.1,1.0,1.0,5.5,13.8,,0.6,0.2,0.8,.131,,-0.6,-0.6,-1.2,0.1,schofad01
398,Dennis Schröder,PG,29,LAL,21,571,9.8,.564,.362,.287,0.6,7.7,4.2,17.9,0.7,0.0,15.9,17.3,,0.2,0.2,0.4,.036,,-3.3,-1.6,-4.9,-0.4,schrode01
399,Dereon Seabron,SG,22,NOP,2,3,0.0,,,,0.0,0.0,0.0,0.0,0.0,0.0,,0.0,,0.0,0.0,0.0,.015,,-5.8,-2.8,-8.6,0.0,seabrde01
400,Alperen Şengün,C,20,HOU,31,827,20.9,.609,.076,.367,13.4,22.5,17.9,15.8,1.2,3.4,15.0,21.6,,1.8,0.8,2.6,.149,,1.1,0.0,1.1,0.7,sengual01
401,Collin Sexton,SG,24,UTA,30,717,16.7,.612,.255,.435,4.0,6.7,5.3,18.3,1.2,0.2,12.9,23.6,,1.5,0.3,1.8,.122,,0.5,-1.5,-1.0,0.2,sextoco01
402,Landry Shamet,SG,25,PHO,25,488,13.2,.576,.709,.180,1.8,5.9,3.8,14.1,1.6,0.9,9.7,19.7,,0.7,0.3,1.0,.097,,0.9,-0.8,0.1,0.2,shamela01
403,Day'Ron Sharpe,C,21,BRK,18,154,16.5,.589,.087,.370,18.2,24.9,21.7,8.9,1.0,5.7,19.6,19.3,,0.2,0.2,0.4,.134,,-2.5,-0.2,-2.7,0.0,sharpda01
404,Shaedon Sharpe,SG,19,POR,33,640,9.8,.536,.371,.121,4.7,9.7,7.2,3.5,0.8,0.8,7.8,17.5,,0.2,0.4,0.5,.038,,-2.5,-1.7,-4.2,-0.3,sharpsh01
405,Pascal Siakam,C,28,TOR,24,882,24.5,.580,.219,.431,5.2,22.5,13.3,31.6,1.3,1.3,9.7,29.4,,2.6,0.8,3.4,.187,,5.9,0.4,6.4,1.9,siakapa01
406,Ben Simmons,PG,26,BRK,25,684,15.5,.594,.006,.261,5.0,22.6,14.2,29.3,2.4,1.7,23.9,15.0,,0.8,1.1,1.9,.132,,-1.1,2.4,1.3,0.6,simmobe01
407,Marko Simonovic,C,23,CHI,1,2,-19.2,.000,1.000,.000,0.0,0.0,0.0,0.0,0.0,0.0,0.0,21.8,,0.0,0.0,0.0,-0.535,,-18.7,-14.0,-32.7,0.0,simonma01
408,Anfernee Simons,SG,23,POR,32,1150,15.7,.577,.560,.164,0.9,8.0,4.5,18.6,1.1,0.5,10.1,26.3,,1.5,0.6,2.2,.091,,1.5,-1.8,-0.3,0.5,simonan01
409,Jericho Sims,C,24,NYK,27,339,17.8,.792,.000,.167,16.0,20.9,18.4,3.3,0.9,4.5,14.6,9.4,,1.0,0.5,1.4,.200,,0.0,0.4,0.4,0.2,simsje01
410,Marcus Smart,PG,28,BOS,31,1025,13.2,.557,.566,.190,2.2,8.7,5.5,29.7,2.0,0.9,18.0,16.3,,1.3,1.1,2.4,.114,,-0.6,0.3,-0.3,0.5,smartma01
411,Dennis Smith Jr.,PG,25,CHO,15,419,14.1,.503,.224,.090,2.2,10.7,6.2,28.9,3.1,2.2,14.2,16.1,,0.2,0.5,0.6,.073,,-2.0,2.2,0.2,0.2,smithde03
412,Dru Smith,SG,25,MIA,5,67,7.3,.393,.429,.000,1.7,14.3,7.7,10.2,3.0,4.5,6.7,9.9,,0.0,0.1,0.1,.058,,-6.0,3.1,-2.9,0.0,smithdr01
413,Ish Smith,PG,34,DEN,15,144,7.4,.423,.120,.040,0.8,11.2,6.1,27.2,1.4,3.9,22.8,19.8,,-0.3,0.1,-0.2,-0.057,,-4.7,-1.1,-5.8,-0.1,smithis01
414,Jabari Smith Jr.,PF,19,HOU,33,1001,10.2,.508,.532,.182,4.7,21.4,13.0,4.1,0.8,3.2,10.3,18.1,,0.0,0.8,0.8,.039,,-2.7,-1.0,-3.7,-0.4,smithja05
415,Jalen Smith,PF,22,IND,34,714,14.5,.543,.439,.244,8.8,24.0,16.5,7.3,0.7,4.2,11.7,21.1,,0.2,0.9,1.1,.073,,-1.6,-0.7,-2.2,0.0,smithja04
416,Jeremy Sochan,PF,19,SAS,28,694,10.4,.492,.258,.182,6.8,14.9,10.6,13.6,1.5,1.8,14.7,17.1,,-0.2,0.3,0.1,.004,,-3.3,-1.0,-4.3,-0.4,sochaje01
417,Jaden Springer,PG,20,PHI,4,11,10.6,.425,.000,.400,10.8,20.8,15.9,0.0,0.0,16.9,14.5,28.0,,0.0,0.0,0.0,-0.062,,-7.1,1.0,-6.1,0.0,sprinja01
418,Lamar Stevens,PF,25,CLE,19,442,8.7,.518,.339,.209,3.6,16.1,10.1,3.5,1.0,1.5,9.4,14.0,,0.0,0.7,0.6,.068,,-3.3,0.2,-3.1,-0.1,stevela01
419,Isaiah Stewart,C,21,DET,30,845,14.1,.597,.494,.349,7.8,23.2,15.3,6.2,0.6,2.3,11.7,16.7,,1.1,0.5,1.5,.088,,0.0,-1.2,-1.2,0.2,stewais01
420,Max Strus,SF,26,MIA,33,1006,10.5,.530,.695,.099,1.9,11.3,6.4,9.1,1.2,0.8,7.0,19.0,,0.2,1.0,1.2,.055,,-1.5,-0.8,-2.3,-0.1,strusma01
421,Jalen Suggs,PG,21,ORL,14,405,12.0,.508,.439,.226,4.3,8.5,6.4,28.4,2.6,2.1,21.6,23.2,,-0.4,0.4,0.0,.005,,-2.3,-0.4,-2.7,-0.1,suggsja01
422,Edmond Sumner,SG,27,BRK,30,446,14.1,.571,.348,.348,2.7,8.4,5.7,13.9,2.8,1.2,13.9,21.6,,0.3,0.5,0.8,.085,,-2.7,0.3,-2.3,0.0,sumneed01
423,Cole Swider,SF,23,LAL,1,2,2.1,.000,1.000,.000,0.0,52.1,26.9,57.0,0.0,0.0,0.0,21.2,,0.0,0.0,0.0,-0.251,,-5.5,2.0,-3.4,0.0,swideco01
424,Jae'Sean Tate,SF,27,HOU,3,68,13.5,.574,.250,.200,12.8,8.0,10.4,22.0,2.1,0.0,18.7,16.3,,0.1,0.0,0.1,.102,,-1.7,0.6,-1.1,0.0,tateja01
425,Jayson Tatum,PF,24,BOS,33,1220,25.5,.618,.436,.395,3.4,20.3,12.0,18.8,1.5,2.0,9.6,32.7,,3.5,1.7,5.2,.204,,5.7,0.3,6.0,2.5,tatumja01
426,Terry Taylor,SG,23,IND,18,138,7.1,.442,.294,.147,8.8,10.2,9.5,5.7,0.7,2.6,10.0,12.2,,0.0,0.1,0.1,.020,,-4.1,-1.2,-5.3,-0.1,taylote01
427,Garrett Temple,SG,36,NOP,12,97,10.0,.522,.615,.154,2.3,8.0,5.2,6.6,4.0,1.0,9.8,13.4,,0.0,0.2,0.2,.088,,-3.9,2.6,-1.2,0.0,templga01
428,Dalen Terry,SG,20,CHI,14,52,4.4,.407,.308,.308,0.0,8.7,4.3,17.0,0.9,3.6,21.3,15.7,,-0.1,0.0,-0.1,-0.061,,-5.8,-1.0,-6.8,-0.1,terryda01
429,Cam Thomas,SG,21,BRK,25,352,11.2,.518,.227,.455,1.0,9.0,5.2,13.5,1.2,0.7,10.7,22.5,,0.0,0.3,0.2,.032,,-3.0,-1.3,-4.3,-0.2,thomaca02
430,Klay Thompson,SG,32,GSW,28,880,12.2,.528,.581,.106,2.2,11.1,6.7,12.0,1.0,1.3,9.0,25.9,,-0.3,0.7,0.4,.021,,-0.5,-1.8,-2.3,-0.1,thompkl01
431,JT Thor,PF,20,CHO,22,227,6.4,.446,.519,.278,4.9,13.3,8.9,6.9,1.3,2.0,16.5,13.3,,-0.2,0.2,-0.1,-0.015,,-4.9,-0.6,-5.5,-0.2,thorjt01
432,Matisse Thybulle,SG,25,PHI,29,327,8.2,.495,.563,.094,2.9,8.4,5.7,5.0,3.3,2.0,7.0,9.8,,0.0,0.5,0.5,.080,,-4.1,2.9,-1.1,0.1,thybuma01
433,Xavier Tillman Sr.,PF,24,MEM,18,176,17.3,.645,.146,.333,12.1,13.0,12.5,6.4,1.6,3.6,12.7,14.7,,0.3,0.3,0.6,.154,,0.4,1.0,1.3,0.1,tillmxa01
434,Isaiah Todd,PF,21,WAS,4,13,-3.1,.250,.750,.000,0.0,0.0,0.0,0.0,0.0,0.0,0.0,13.4,,0.0,0.0,0.0,-0.165,,-8.0,-5.7,-13.6,0.0,toddis01
435,Obi Toppin,PF,24,NYK,25,428,12.6,.538,.567,.099,3.5,20.0,11.7,8.9,1.1,1.1,9.6,19.4,,0.2,0.5,0.7,.077,,0.0,-0.4,-0.4,0.2,toppiob01
436,Juan Toscano-Anderson,SF,29,LAL,15,159,5.2,.483,.379,.241,2.8,18.3,10.8,8.6,0.9,1.6,21.9,10.9,,-0.1,0.1,0.0,.001,,-5.6,0.7,-5.0,-0.1,toscaju01
437,Karl-Anthony Towns,PF,27,MIN,21,709,19.6,.625,.386,.343,5.7,20.8,13.5,23.4,1.1,1.9,15.7,24.8,,1.4,0.7,2.1,.145,,2.4,0.6,3.0,0.9,townska01
438,Gary Trent Jr.,SG,24,TOR,27,833,14.4,.555,.486,.251,1.7,6.0,3.7,7.0,2.5,0.5,7.1,22.4,,0.7,0.6,1.4,.080,,-0.2,-0.7,-0.9,0.2,trentga02
439,P.J. Tucker,PF,37,PHI,33,927,5.1,.547,.561,.122,5.6,12.2,9.0,4.0,1.1,0.9,21.3,6.3,,0.1,1.0,1.2,.060,,-4.0,0.6,-3.5,-0.3,tuckepj01
440,Myles Turner,C,26,IND,29,843,19.0,.655,.365,.411,5.2,24.0,14.7,7.4,1.0,6.2,12.0,20.2,,1.5,1.2,2.7,.152,,0.9,1.2,2.1,0.9,turnemy01
441,Jonas Valančiūnas,C,30,NOP,34,824,19.2,.597,.182,.276,13.6,29.7,21.7,11.6,0.7,1.4,14.4,23.5,,1.4,1.2,2.6,.151,,0.4,-0.8,-0.4,0.3,valanjo01
442,Jarred Vanderbilt,PF,23,UTA,35,876,16.3,.621,.188,.254,10.8,24.7,17.7,15.0,2.2,0.8,18.0,13.8,,1.5,1.1,2.6,.145,,0.1,1.5,1.6,0.8,vandeja01
443,Fred VanVleet,PG,28,TOR,28,1027,15.9,.529,.543,.280,1.4,11.3,6.0,24.4,2.2,1.5,9.6,22.4,,1.3,0.9,2.2,.105,,1.5,0.0,1.5,0.9,vanvlfr01
444,Devin Vassell,SG,22,SAS,28,881,17.2,.563,.436,.189,0.7,14.2,7.2,17.6,1.9,1.2,8.3,25.1,,1.0,0.4,1.4,.075,,2.2,-1.1,1.1,0.7,vassede01
445,Gabe Vincent,PG,26,MIA,21,520,9.2,.516,.575,.144,1.7,8.1,4.8,16.6,1.7,0.4,12.7,18.1,,-0.1,0.5,0.5,.042,,-3.7,-0.1,-3.9,-0.2,vincega01
446,Noah Vonleh,C,27,BOS,21,163,5.9,.502,.167,.083,11.7,19.3,15.5,4.6,0.6,4.1,30.7,9.6,,-0.1,0.2,0.2,.050,,-6.8,0.4,-6.4,-0.2,vonleno01
447,Nikola Vučević,C,32,CHI,34,1113,18.2,.597,.353,.153,6.9,28.7,17.8,13.8,0.9,2.3,12.0,21.1,,1.4,1.4,2.8,.121,,1.7,0.1,1.8,1.1,vucevni01
448,Dean Wade,PF,26,CLE,17,409,9.9,.602,.667,.155,3.0,16.6,10.0,5.7,1.5,1.4,7.2,10.6,,0.4,0.7,1.1,.129,,-1.5,2.5,1.0,0.3,wadede01
449,Franz Wagner,SF,21,ORL,36,1195,16.6,.586,.299,.313,3.3,10.4,6.9,16.9,1.1,0.7,11.8,24.8,,1.7,0.7,2.4,.095,,0.8,-1.4,-0.6,0.4,wagnefr01
450,Moritz Wagner,C,25,ORL,18,458,17.6,.621,.396,.390,8.6,20.7,14.7,13.0,1.7,1.0,13.8,19.8,,0.9,0.5,1.4,.145,,0.3,0.0,0.4,0.3,wagnemo01
451,Ish Wainright,SF,28,PHO,19,260,9.9,.508,.737,.123,9.2,8.9,9.1,8.6,1.9,1.7,7.7,10.7,,0.3,0.2,0.5,.098,,-1.7,0.5,-1.1,0.1,wainris01
452,Jabari Walker,SF,20,POR,18,131,7.9,.447,.344,.188,7.9,19.8,13.9,10.3,0.4,2.0,12.6,13.2,,0.0,0.1,0.1,.037,,-4.0,-0.3,-4.4,-0.1,walkeja01
453,Kemba Walker,PG,32,DAL,6,124,15.6,.540,.490,.412,2.8,12.6,7.6,21.8,0.0,1.5,6.2,23.5,,0.2,0.1,0.3,.113,,0.6,-1.2,-0.6,0.0,walkeke02
454,Lonnie Walker IV,SG,24,LAL,32,953,12.6,.578,.460,.193,1.3,7.0,4.2,6.8,1.2,1.0,7.1,19.4,,0.8,0.5,1.3,.066,,-0.9,-0.9,-1.8,0.0,walkelo01
455,John Wall,PG,32,LAC,27,610,14.8,.501,.336,.361,2.2,10.9,6.7,38.3,1.8,1.3,17.1,27.9,,-0.2,0.8,0.6,.048,,-0.2,-0.3,-0.5,0.2,walljo01
456,T.J. Warren,SF,29,BRK,11,208,18.1,.597,.226,.107,6.4,13.2,10.0,13.6,1.9,1.3,6.4,20.2,,0.4,0.2,0.6,.147,,0.8,-0.1,0.7,0.1,warretj01
457,Duane Washington Jr.,SG,22,PHO,19,208,11.5,.471,.459,.068,0.5,10.6,5.4,22.0,0.7,0.4,8.1,30.5,,-0.2,0.1,-0.1,-0.019,,-0.4,-3.0,-3.4,-0.1,washidu02
458,P.J. Washington,PF,24,CHO,34,1082,12.2,.519,.416,.187,3.5,13.3,8.1,10.5,1.1,3.1,9.7,20.6,,0.1,0.8,0.9,.040,,-1.1,-0.7,-1.8,0.0,washipj01
459,TyTy Washington Jr.,PG,21,HOU,8,80,14.2,.472,.424,.061,1.4,16.4,8.9,25.3,2.4,0.0,2.9,18.0,,0.1,0.1,0.2,.098,,-2.0,1.2,-0.8,0.0,washity02
460,Yuta Watanabe,SF,28,BRK,22,430,15.0,.711,.565,.130,4.2,12.2,8.4,6.6,0.9,2.0,6.2,13.5,,1.0,0.4,1.4,.153,,2.0,-0.5,1.5,0.4,watanyu01
461,Lindy Waters III,SG,25,OKC,10,125,8.0,.538,.939,.030,2.5,10.3,6.3,7.2,1.5,0.0,8.2,12.1,,0.1,0.1,0.2,.059,,-2.4,-0.5,-3.0,0.0,waterli01
462,Trendon Watford,PF,22,POR,25,434,13.0,.654,.221,.453,5.1,21.0,13.2,14.1,1.5,0.6,18.9,12.8,,0.6,0.5,1.1,.121,,-1.6,1.0,-0.6,0.2,watfotr01
463,Peyton Watson,SG,20,DEN,6,15,4.3,.333,.111,.000,15.7,7.7,11.6,0.0,0.0,0.0,0.0,26.0,,0.0,0.0,0.0,-0.126,,-7.0,-7.3,-14.3,0.0,watsope01
464,Blake Wesley,SG,19,SAS,2,23,20.9,.743,.333,.444,4.7,5.1,4.9,28.1,0.0,0.0,15.7,23.1,,0.1,0.0,0.1,.148,,3.0,-1.6,1.4,0.0,weslebl01
465,Russell Westbrook,PG,34,LAL,32,898,15.4,.487,.296,.304,4.4,19.0,12.0,40.0,1.6,1.5,18.6,27.9,,-0.6,1.0,0.3,.017,,-0.2,-0.1,-0.2,0.4,westbru01
466,Coby White,PG,22,CHI,26,529,10.6,.553,.674,.160,0.8,12.2,6.5,12.4,1.5,0.7,10.9,17.3,,0.1,0.4,0.6,.052,,-2.1,-0.6,-2.7,-0.1,whiteco01
467,Derrick White,SG,28,BOS,35,912,13.7,.586,.534,.275,2.7,10.3,6.6,16.1,1.5,2.6,10.4,15.6,,1.4,1.1,2.5,.131,,-0.1,1.2,1.0,0.7,whitede01
468,Jack White,SF,25,DEN,8,26,2.4,.167,.333,.000,9.0,13.3,11.2,0.0,1.9,7.1,0.0,10.0,,-0.1,0.0,0.0,-0.048,,-8.5,-0.9,-9.4,0.0,whiteja03
469,Aaron Wiggins,SG,24,OKC,26,492,12.0,.578,.361,.256,5.9,15.1,10.4,10.3,1.4,0.7,14.0,14.6,,0.4,0.5,0.9,.089,,-1.6,-0.5,-2.1,0.0,wiggiaa01
470,Andrew Wiggins,SF,27,GSW,22,722,17.6,.621,.467,.135,5.3,11.9,8.6,10.2,1.9,2.1,8.2,21.4,,1.1,0.8,1.9,.126,,2.1,0.0,2.1,0.8,wiggian01
471,Alondes Williams,SG,23,BRK,1,5,-21.1,,,,0.0,21.9,11.5,0.0,0.0,0.0,100.0,17.9,,-0.1,0.0,-0.1,-0.517,,-20.6,-5.5,-26.1,0.0,willial06
472,Grant Williams,PF,24,BOS,34,949,12.3,.677,.619,.229,4.1,13.7,9.0,7.8,1.4,1.0,11.8,12.0,,1.6,1.0,2.6,.133,,-0.3,0.8,0.5,0.6,willigr01
473,Jalen Williams,SG,21,OKC,30,822,11.7,.575,.281,.228,2.7,11.5,7.0,14.0,1.0,1.4,14.5,17.1,,0.5,0.6,1.1,.064,,-2.2,-0.6,-2.8,-0.2,willija06
474,Jaylin Williams,PF,20,OKC,7,61,13.8,.509,.278,.333,10.2,17.6,13.9,15.4,2.3,0.0,8.8,15.5,,0.1,0.1,0.2,.124,,-2.2,1.1,-1.1,0.0,willija07
475,Kenrich Williams,PF,28,OKC,26,560,13.6,.594,.354,.150,8.2,12.5,10.3,9.7,1.5,0.6,6.6,12.5,,1.0,0.5,1.5,.128,,-0.2,-0.1,-0.3,0.2,willike04
476,Mark Williams,C,21,CHO,5,47,22.6,.681,.000,.438,10.8,26.2,18.1,6.7,3.0,3.8,13.6,19.5,,0.1,0.1,0.2,.202,,-0.6,2.6,2.1,0.0,willima07
477,Patrick Williams,PF,21,CHI,34,970,10.0,.562,.408,.129,3.9,12.2,8.1,6.4,1.0,3.3,14.1,15.0,,0.0,0.9,0.9,.045,,-2.2,-0.2,-2.4,-0.1,willipa01
478,Robert Williams,C,25,BOS,5,92,25.0,.771,.000,.273,20.7,25.9,23.3,9.6,1.1,5.5,14.0,13.6,,0.4,0.2,0.5,.286,,2.8,1.4,4.2,0.1,williro04
479,Vince Williams Jr.,SG,22,MEM,6,40,6.8,.318,.727,.000,2.7,10.4,6.6,6.2,4.8,2.3,0.0,11.3,,0.0,0.1,0.0,.049,,-6.4,4.9,-1.5,0.0,willivi01
480,Ziaire Williams,SF,21,MEM,9,164,3.8,.388,.500,.038,1.3,18.4,9.9,11.0,1.5,1.1,17.2,16.0,,-0.4,0.2,-0.1,-0.038,,-7.6,0.1,-7.5,-0.2,willizi02
481,Zion Williamson,PF,22,NOP,26,869,25.9,.651,.045,.507,6.8,16.5,11.7,24.1,1.8,1.7,13.7,29.0,,2.6,1.2,3.8,.211,,5.3,1.1,6.4,1.8,willizi01
482,Justise Winslow,SF,26,POR,29,776,9.6,.466,.227,.141,7.3,13.9,10.7,17.3,1.9,1.3,17.0,14.3,,0.0,0.8,0.8,.050,,-3.2,0.9,-2.4,-0.1,winslju01
483,James Wiseman,C,21,GSW,19,241,16.6,.635,.023,.402,8.4,23.0,15.8,8.8,0.4,2.6,12.0,20.3,,0.4,0.3,0.7,.130,,-1.7,-0.8,-2.5,0.0,wisemja01
484,Christian Wood,PF,27,DAL,32,896,19.7,.633,.360,.346,4.8,29.4,17.0,9.4,1.0,3.1,14.1,25.9,,1.0,1.3,2.3,.124,,1.3,-0.2,1.1,0.7,woodch01
485,Delon Wright,PG,30,WAS,7,139,16.7,.502,.515,.333,3.3,6.3,4.8,23.4,6.3,2.5,13.7,13.8,,0.1,0.3,0.4,.133,,0.4,6.4,6.8,0.3,wrighde01
486,McKinley Wright IV,PG,24,DAL,5,37,10.5,.383,.200,.100,12.7,9.7,11.2,23.5,5.4,2.5,27.7,17.7,,-0.1,0.1,0.0,.008,,-5.2,3.2,-2.0,0.0,wrighmc01
487,Thaddeus Young,PF,34,TOR,31,534,14.8,.578,.173,.142,10.6,14.2,12.3,14.0,3.0,0.6,15.1,12.7,,0.8,0.6,1.4,.122,,-0.9,1.2,0.3,0.3,youngth01
488,Trae Young,PG,24,ATL,31,1103,21.7,.553,.347,.414,2.1,6.6,4.3,43.3,1.0,0.4,13.3,33.7,,2.1,0.6,2.8,.121,,5.4,-2.3,3.1,1.4,youngtr01
489,Ivica Zubac,C,25,LAC,34,1015,15.8,.652,.005,.521,13.2,27.0,20.3,5.5,0.6,4.4,21.3,14.5,,1.2,1.8,3.0,.144,,-2.0,1.0,-1.0,0.3,zubaciv01